time,power
6:00:01,     0.000
6:00:04,     0.000
6:00:07,     0.000
6:00:10,     0.000
6:00:13,     0.000
6:00:16,     0.000
6:00:19,     0.000
6:00:22,     0.000
6:00:25,     0.000
6:00:28,     0.000
6:00:31,     0.000
6:00:34,     0.000
6:00:37,     0.000
6:00:41,     0.000
6:00:44,     0.000
6:00:47,     0.000
6:00:50,     0.000
6:00:53,     0.000
6:00:56,     0.000
6:00:59,     0.000
6:01:02,     0.000
6:01:05,     0.000
6:01:08,     0.000
6:01:11,     0.000
6:01:14,     0.000
6:01:17,     0.000
6:01:20,     0.000
6:01:24,     0.000
6:01:27,     0.000
6:01:30,     0.000
6:01:33,     0.000
6:01:36,     0.000
6:01:39,     0.000
6:01:42,     0.000
6:01:45,     0.000
6:01:48,     0.000
6:01:51,     0.000
6:01:54,     0.000
6:01:57,     0.000
6:02:00,     0.000
6:02:03,     0.000
6:02:06,     0.000
6:02:10,     0.000
6:02:13,     0.000
6:02:16,     0.000
6:02:19,     0.000
6:02:22,     0.000
6:02:25,     0.000
6:02:28,     0.000
6:02:31,     0.000
6:02:34,     0.000
6:02:37,     0.000
6:02:40,     0.000
6:02:43,     0.000
6:02:46,     0.000
6:02:49,     0.000
6:02:52,     0.000
6:02:55,     0.000
6:02:59,     0.000
6:03:02,     0.000
6:03:05,     0.000
6:03:08,     0.000
6:03:11,     0.000
6:03:14,     0.000
6:03:17,     0.000
6:03:20,     0.000
6:03:23,     0.000
6:03:26,     0.000
6:03:29,     0.000
6:03:32,     0.000
6:03:35,     0.000
6:03:38,     0.000
6:03:41,     0.000
6:03:45,     0.000
6:03:48,     0.000
6:03:51,     0.000
6:03:54,     0.000
6:03:57,     0.000
6:04:00,     0.000
6:04:03,     0.000
6:04:06,     0.000
6:04:09,     0.000
6:04:12,     0.000
6:04:15,     0.000
6:04:18,     0.000
6:04:21,     0.000
6:04:24,     0.000
6:04:27,     0.000
6:04:31,     0.000
6:04:34,     0.000
6:04:37,     0.000
6:04:40,     0.000
6:04:43,     0.000
6:04:46,     0.000
6:04:49,     0.000
6:04:52,     0.000
6:04:55,     0.000
6:04:58,     0.000
6:05:01,     0.000
6:05:04,     0.000
6:05:07,     0.000
6:05:10,     0.000
6:05:13,     0.000
6:05:17,     0.000
6:05:20,     0.000
6:05:23,     0.000
6:05:26,     0.000
6:05:29,     0.000
6:05:32,     0.000
6:05:35,     0.000
6:05:38,     0.000
6:05:41,     0.000
6:05:44,     0.000
6:05:47,     0.000
6:05:50,     0.000
6:05:53,     0.000
6:05:56,     0.000
6:05:59,     0.000
6:06:03,     0.000
6:06:06,     0.000
6:06:09,     0.000
6:06:12,     0.000
6:06:15,     0.000
6:06:18,     0.000
6:06:21,     0.000
6:06:24,     0.000
6:06:27,     0.000
6:06:30,     0.000
6:06:33,     0.000
6:06:36,     0.000
6:06:39,     0.000
6:06:43,     0.000
6:06:46,     0.000
6:06:49,     0.000
6:06:52,     0.000
6:06:55,     0.000
6:06:58,     0.000
6:07:01,     0.000
6:07:04,     0.000
6:07:07,     0.000
6:07:10,     0.000
6:07:13,     0.000
6:07:16,     0.000
6:07:19,     0.000
6:07:22,     0.000
6:07:25,     0.000
6:07:29,     0.000
6:07:32,     0.000
6:07:35,     0.000
6:07:38,     0.000
6:07:41,     0.000
6:07:44,     0.000
6:07:47,     0.000
6:07:50,     0.000
6:07:53,     0.000
6:07:56,     0.000
6:07:59,     0.000
6:08:02,     0.000
6:08:05,     0.000
6:08:08,     0.000
6:08:11,     0.000
6:08:15,     0.000
6:08:18,     0.000
6:08:21,     0.000
6:08:24,     0.000
6:08:27,     0.000
6:08:30,     0.000
6:08:33,     0.000
6:08:36,     0.000
6:08:39,     0.000
6:08:42,     0.000
6:08:45,     0.000
6:08:48,     0.000
6:08:51,     0.000
6:08:54,     0.000
6:08:58,     0.000
6:09:01,     0.000
6:09:04,     0.000
6:09:07,     0.000
6:09:10,     0.000
6:09:13,     0.000
6:09:16,     0.000
6:09:19,     0.000
6:09:22,     0.000
6:09:25,     0.000
6:09:28,     0.000
6:09:31,     0.000
6:09:34,     0.000
6:09:37,     0.000
6:09:40,     0.000
6:09:44,     0.000
6:09:47,     0.000
6:09:50,     0.000
6:09:53,     0.000
6:09:56,     0.000
6:09:59,     0.000
6:10:02,     0.000
6:10:05,     0.000
6:10:08,     0.000
6:10:11,     0.000
6:10:14,     0.000
6:10:17,     0.000
6:10:20,     0.000
6:10:23,     0.000
6:10:26,     0.000
6:10:30,     0.000
6:10:33,     0.000
6:10:36,     0.000
6:10:39,     0.000
6:10:42,     0.000
6:10:45,     0.000
6:10:48,     0.000
6:10:51,     0.000
6:10:54,     0.000
6:10:57,     0.000
6:11:00,     0.000
6:11:03,     0.000
6:11:06,     0.000
6:11:09,     0.000
6:11:12,     0.000
6:11:15,     0.000
6:11:19,     0.000
6:11:22,     0.000
6:11:25,     0.000
6:11:28,     0.000
6:11:31,     0.000
6:11:34,     0.000
6:11:37,     0.000
6:11:40,     0.000
6:11:43,     0.000
6:11:46,     0.000
6:11:49,     0.000
6:11:52,     0.000
6:11:55,     0.000
6:11:58,     0.000
6:12:01,     0.000
6:12:05,     0.000
6:12:08,     0.000
6:12:11,     0.000
6:12:14,     0.000
6:12:17,     0.000
6:12:20,     0.000
6:12:23,     0.000
6:12:26,     0.000
6:12:29,     0.000
6:12:32,     0.000
6:12:35,     0.000
6:12:38,     0.000
6:12:41,     0.000
6:12:45,     0.000
6:12:48,     0.000
6:12:51,     0.000
6:12:54,     0.000
6:12:57,     0.000
6:13:00,     0.000
6:13:03,     0.000
6:13:06,     0.000
6:13:09,     0.000
6:13:12,     0.000
6:13:15,     0.000
6:13:18,     0.000
6:13:21,     0.000
6:13:24,     0.000
6:13:27,     0.000
6:13:30,     0.000
6:13:34,     0.000
6:13:37,     0.000
6:13:40,     0.000
6:13:43,     0.000
6:13:46,     0.000
6:13:49,     0.000
6:13:52,     0.000
6:13:55,     0.000
6:13:58,     0.000
6:14:01,     0.000
6:14:04,     0.000
6:14:07,     0.000
6:14:10,     0.000
6:14:13,     0.000
6:14:17,     0.000
6:14:20,     0.000
6:14:23,     0.000
6:14:26,     0.000
6:14:29,     0.000
6:14:32,     0.000
6:14:35,     0.000
6:14:38,     0.000
6:14:41,     0.000
6:14:44,     0.000
6:14:47,     0.000
6:14:50,     0.000
6:14:53,     0.000
6:14:56,     0.000
6:14:59,     0.000
6:15:02,     0.000
6:15:06,     0.000
6:15:09,     0.000
6:15:12,     0.000
6:15:15,     0.000
6:15:18,     0.000
6:15:21,     0.000
6:15:24,     0.000
6:15:27,     0.000
6:15:30,     0.000
6:15:33,     0.000
6:15:36,     0.000
6:15:39,     0.000
6:15:42,     0.000
6:15:45,     0.000
6:15:48,     0.000
6:15:52,     0.000
6:15:55,     0.000
6:15:58,     0.000
6:16:01,     0.000
6:16:04,     0.000
6:16:07,     0.000
6:16:10,     0.000
6:16:13,     0.000
6:16:16,     0.000
6:16:19,     0.000
6:16:22,     0.000
6:16:25,     0.000
6:16:28,     0.000
6:16:31,     0.000
6:16:34,     0.000
6:16:38,     0.000
6:16:41,     0.000
6:16:44,     0.000
6:16:47,     0.000
6:16:50,     0.000
6:16:53,     0.000
6:16:56,     0.000
6:16:59,     0.000
6:17:02,     0.000
6:17:05,     0.000
6:17:08,     0.000
6:17:11,     0.000
6:17:14,     0.000
6:17:17,     0.000
6:17:20,     0.000
6:17:24,     0.000
6:17:27,     0.000
6:17:30,     0.000
6:17:33,     0.000
6:17:36,     0.000
6:17:39,     0.000
6:17:42,     0.000
6:17:45,     0.000
6:17:48,     0.000
6:17:51,     0.000
6:17:54,     0.000
6:17:57,     0.000
6:18:00,     0.000
6:18:03,     0.000
6:18:07,     0.000
6:18:10,     0.000
6:18:13,     0.000
6:18:16,     0.000
6:18:19,     0.000
6:18:22,     0.000
6:18:25,     0.000
6:18:28,     0.000
6:18:31,     0.000
6:18:34,     0.000
6:18:37,     0.000
6:18:40,     0.000
6:18:43,     0.000
6:18:47,     0.000
6:18:50,     0.000
6:18:53,     0.000
6:18:56,     0.000
6:18:59,     0.000
6:19:02,     0.000
6:19:05,     0.000
6:19:08,     0.000
6:19:11,     0.000
6:19:14,     0.000
6:19:17,     0.000
6:19:20,     0.000
6:19:23,     0.000
6:19:26,     0.000
6:19:29,     0.000
6:19:33,     0.000
6:19:36,     0.000
6:19:39,     0.000
6:19:42,     0.000
6:19:45,     0.000
6:19:48,     0.000
6:19:51,     0.000
6:19:54,     0.000
6:19:57,     0.000
6:20:00,     0.000
6:20:03,     0.000
6:20:06,     0.000
6:20:09,     0.000
6:20:12,     0.000
6:20:15,     0.000
6:20:19,     0.000
6:20:22,     0.000
6:20:25,     0.000
6:20:28,     0.000
6:20:31,     0.000
6:20:34,     0.000
6:20:37,     0.000
6:20:40,     0.000
6:20:43,     0.000
6:20:46,     0.000
6:20:49,     0.000
6:20:52,     0.000
6:20:55,     0.000
6:20:58,     0.000
6:21:01,     0.000
6:21:05,     0.000
6:21:08,     0.000
6:21:11,     0.000
6:21:14,     0.000
6:21:17,     0.000
6:21:20,     0.000
6:21:23,     0.000
6:21:26,     0.000
6:21:29,     0.000
6:21:32,     0.000
6:21:35,     0.000
6:21:38,     0.000
6:21:41,     0.000
6:21:44,     0.000
6:21:47,     0.000
6:21:50,     0.000
6:21:54,     0.000
6:21:57,     0.000
6:22:00,     0.000
6:22:03,     0.000
6:22:06,     0.000
6:22:09,     0.000
6:22:12,     0.000
6:22:15,     0.000
6:22:18,     0.000
6:22:21,     0.000
6:22:24,     0.000
6:22:27,     0.000
6:22:30,     0.000
6:22:33,     0.000
6:22:36,     0.000
6:22:40,     0.000
6:22:43,     0.000
6:22:46,     0.000
6:22:49,     0.000
6:22:52,     0.000
6:22:55,     0.000
6:22:58,     0.000
6:23:01,     0.000
6:23:04,     0.000
6:23:07,     0.000
6:23:10,     0.000
6:23:13,     0.000
6:23:16,     0.000
6:23:19,     0.000
6:23:22,     0.000
6:23:26,     0.000
6:23:29,     0.000
6:23:32,     0.000
6:23:35,     0.000
6:23:38,     0.000
6:23:41,     0.000
6:23:44,     0.000
6:23:47,     0.000
6:23:50,     0.000
6:23:53,     0.000
6:23:56,     0.000
6:23:59,     0.000
6:24:02,     0.000
6:24:06,     0.000
6:24:09,     0.000
6:24:12,     0.000
6:24:15,     0.000
6:24:18,     0.000
6:24:21,     0.000
6:24:24,     0.000
6:24:27,     0.000
6:24:30,     0.000
6:24:33,     0.000
6:24:36,     0.000
6:24:39,     0.000
6:24:42,     0.000
6:24:45,     0.000
6:24:48,     0.000
6:24:52,     0.000
6:24:55,     0.000
6:24:58,     0.000
6:25:01,     0.000
6:25:04,     0.000
6:25:07,     0.000
6:25:10,     0.000
6:25:13,     0.000
6:25:16,     0.000
6:25:19,     0.000
6:25:22,     0.000
6:25:25,     0.000
6:25:28,     0.000
6:25:31,     0.000
6:25:34,     0.000
6:25:37,     0.000
6:25:41,     0.000
6:25:44,     0.000
6:25:47,     0.000
6:25:50,     0.000
6:25:53,     0.000
6:25:56,     0.000
6:25:59,     0.000
6:26:02,     0.000
6:26:05,     0.000
6:26:08,     0.000
6:26:11,     0.000
6:26:14,     0.000
6:26:17,     0.000
6:26:20,     0.000
6:26:23,     0.000
6:26:27,     0.000
6:26:30,     0.000
6:26:33,     0.000
6:26:36,     0.000
6:26:39,     0.000
6:26:42,     0.000
6:26:45,     0.000
6:26:48,     0.000
6:26:51,     0.000
6:26:54,     0.000
6:26:57,     0.000
6:27:00,     0.000
6:27:03,     0.000
6:27:06,     0.000
6:27:09,     0.000
6:27:13,     0.000
6:27:16,     0.000
6:27:19,     0.000
6:27:22,     0.000
6:27:25,     0.000
6:27:28,     0.000
6:27:31,     0.000
6:27:34,     0.000
6:27:37,     0.000
6:27:40,     0.000
6:27:43,     0.000
6:27:46,     0.000
6:27:49,     0.000
6:27:52,     0.000
6:27:55,     0.000
6:27:59,     0.000
6:28:02,     0.000
6:28:05,     0.000
6:28:08,     0.000
6:28:11,     0.000
6:28:14,     0.000
6:28:17,     0.000
6:28:20,     0.000
6:28:23,     0.000
6:28:26,     0.000
6:28:29,     0.000
6:28:32,     0.000
6:28:35,     0.000
6:28:38,     0.000
6:28:41,     0.000
6:28:45,     0.000
6:28:48,     0.000
6:28:51,     0.000
6:28:54,     0.000
6:28:57,     0.000
6:29:00,     0.000
6:29:03,     0.000
6:29:06,     0.000
6:29:09,     0.000
6:29:12,     0.000
6:29:15,     0.000
6:29:18,     0.000
6:29:21,     0.000
6:29:24,     0.000
6:29:27,     0.000
6:29:31,     0.000
6:29:34,     0.000
6:29:37,     0.000
6:29:40,     0.000
6:29:43,     0.000
6:29:46,     0.000
6:29:49,     0.000
6:29:52,     0.000
6:29:55,     0.000
6:29:58,     0.000
6:30:01,     0.000
6:30:04,     0.000
6:30:08,     0.000
6:30:11,     0.000
6:30:14,     0.000
6:30:17,     0.000
6:30:20,     0.000
6:30:23,     0.000
6:30:26,     0.000
6:30:29,     0.000
6:30:32,     0.000
6:30:35,     0.000
6:30:38,     0.000
6:30:41,     0.000
6:30:44,     0.000
6:30:47,     0.000
6:30:50,     0.000
6:30:54,     0.000
6:30:57,     0.000
6:31:00,     0.000
6:31:03,     0.000
6:31:06,     0.000
6:31:09,     0.000
6:31:12,     0.000
6:31:15,     0.000
6:31:18,     0.000
6:31:21,     0.000
6:31:24,     0.000
6:31:27,     0.000
6:31:30,     0.000
6:31:33,     0.000
6:31:36,     0.000
6:31:39,     0.000
6:31:43,     0.000
6:31:46,     0.000
6:31:49,     0.000
6:31:52,     0.000
6:31:55,     0.000
6:31:58,     0.000
6:32:01,     0.000
6:32:04,     0.000
6:32:07,     0.000
6:32:10,     0.000
6:32:13,     0.000
6:32:16,     0.000
6:32:19,     0.000
6:32:22,     0.000
6:32:25,     0.000
6:32:29,     0.000
6:32:32,     0.000
6:32:35,     0.000
6:32:38,     0.000
6:32:41,     0.000
6:32:44,     0.000
6:32:47,     0.000
6:32:50,     0.000
6:32:53,     0.000
6:32:56,     0.000
6:32:59,     0.000
6:33:02,     0.000
6:33:05,     0.000
6:33:08,     0.000
6:33:11,     0.000
6:33:15,     0.000
6:33:18,     0.000
6:33:21,     0.000
6:33:24,     0.000
6:33:27,     0.000
6:33:30,     0.000
6:33:33,     0.000
6:33:36,     0.000
6:33:39,     0.000
6:33:42,     0.000
6:33:45,     0.000
6:33:48,     0.000
6:33:51,     0.000
6:33:54,     0.000
6:33:57,     0.000
6:34:01,     0.000
6:34:04,     0.000
6:34:07,     0.000
6:34:10,     0.000
6:34:13,     0.000
6:34:16,     0.000
6:34:19,     0.000
6:34:22,     0.000
6:34:25,     0.000
6:34:28,     0.000
6:34:31,     0.000
6:34:34,     0.000
6:34:37,     0.000
6:34:40,     0.000
6:34:43,     0.000
6:34:47,     0.000
6:34:50,     0.000
6:34:53,     0.000
6:34:56,     0.000
6:34:59,     0.000
6:35:02,     0.000
6:35:05,     0.000
6:35:08,     0.000
6:35:11,     0.000
6:35:14,     0.000
6:35:17,     0.000
6:35:20,     0.000
6:35:23,     0.000
6:35:26,     0.000
6:35:29,     0.000
6:35:33,     0.000
6:35:36,     0.000
6:35:39,     0.000
6:35:42,     0.000
6:35:45,     0.000
6:35:48,     0.000
6:35:51,     0.000
6:35:54,     0.000
6:35:57,     0.000
6:36:00,     0.000
6:36:03,     0.000
6:36:06,     0.000
6:36:09,     0.000
6:36:12,     0.000
6:36:16,     0.000
6:36:19,     0.000
6:36:22,     0.000
6:36:25,     0.000
6:36:28,     0.000
6:36:31,     0.000
6:36:34,     0.000
6:36:37,     0.000
6:36:40,     0.000
6:36:43,     0.000
6:36:46,     0.000
6:36:49,     0.000
6:36:52,     0.000
6:36:55,     0.000
6:36:58,     0.000
6:37:02,     0.000
6:37:05,     0.000
6:37:08,     0.000
6:37:11,     0.000
6:37:14,     0.000
6:37:17,     0.000
6:37:20,     0.000
6:37:23,     0.000
6:37:26,     0.000
6:37:29,     0.000
6:37:32,     0.000
6:37:35,     0.000
6:37:38,     0.000
6:37:41,     0.000
6:37:44,     1.460
6:37:48,     0.000
6:37:51,     0.000
6:37:54,     0.000
6:37:57,     0.000
6:38:00,     0.000
6:38:03,     0.000
6:38:06,     0.000
6:38:09,     0.000
6:38:12,     0.000
6:38:15,     1.460
6:38:18,     0.000
6:38:21,     0.000
6:38:24,     0.000
6:38:27,     0.000
6:38:31,     0.000
6:38:34,     0.000
6:38:37,     0.000
6:38:40,     0.000
6:38:43,     0.000
6:38:46,     0.000
6:38:49,     0.000
6:38:52,     0.000
6:38:55,     0.000
6:38:58,     0.000
6:39:01,     0.000
6:39:04,     1.460
6:39:07,     0.000
6:39:10,     0.000
6:39:13,     0.000
6:39:16,     0.000
6:39:20,     0.000
6:39:23,     0.000
6:39:26,     0.000
6:39:29,     0.000
6:39:32,     1.460
6:39:35,     0.000
6:39:38,     1.460
6:39:41,     0.000
6:39:44,     0.000
6:39:47,     0.000
6:39:50,     0.000
6:39:53,     0.000
6:39:56,     0.000
6:39:59,     0.000
6:40:02,     0.000
6:40:06,     0.000
6:40:09,     0.000
6:40:12,     0.000
6:40:15,     0.000
6:40:18,     1.460
6:40:21,     0.000
6:40:24,     0.000
6:40:27,     0.000
6:40:30,     1.460
6:40:33,     0.000
6:40:36,     0.000
6:40:39,     0.000
6:40:42,     0.000
6:40:45,     2.920
6:40:48,     0.000
6:40:52,     0.000
6:40:55,     0.000
6:40:58,     0.000
6:41:01,     1.460
6:41:04,     0.000
6:41:07,     0.000
6:41:10,     0.000
6:41:13,     1.460
6:41:16,     0.000
6:41:19,     1.460
6:41:22,     1.460
6:41:25,     1.460
6:41:29,     0.000
6:41:32,     0.000
6:41:35,     0.000
6:41:38,     1.460
6:41:41,     1.460
6:41:44,     1.460
6:41:47,     0.000
6:41:50,     0.000
6:41:53,     0.000
6:41:56,     0.000
6:41:59,     1.460
6:42:02,     0.000
6:42:05,     0.000
6:42:08,     0.000
6:42:11,     0.000
6:42:15,     0.000
6:42:18,     2.920
6:42:21,     1.460
6:42:24,     0.000
6:42:27,     0.000
6:42:30,     0.000
6:42:33,     0.000
6:42:36,     1.460
6:42:39,     2.920
6:42:42,     0.000
6:42:45,     0.000
6:42:48,     0.000
6:42:51,     1.460
6:42:54,     1.460
6:42:57,     0.000
6:43:00,     2.920
6:43:04,     0.000
6:43:07,     1.460
6:43:10,     2.920
6:43:13,     2.920
6:43:16,     2.920
6:43:19,     5.840
6:43:22,     0.000
6:43:25,     0.000
6:43:28,     0.000
6:43:31,     1.460
6:43:34,     1.460
6:43:37,     1.460
6:43:40,     0.000
6:43:43,     0.000
6:43:47,     1.460
6:43:50,     5.840
6:43:53,     5.840
6:43:56,     1.460
6:43:59,     2.920
6:44:02,     0.000
6:44:05,     0.000
6:44:08,     1.460
6:44:11,     2.920
6:44:14,     0.000
6:44:17,     1.460
6:44:20,     0.000
6:44:23,     0.000
6:44:26,     5.840
6:44:29,     1.460
6:44:33,     1.460
6:44:36,     1.460
6:44:39,     1.460
6:44:42,     4.380
6:44:45,     2.920
6:44:48,     0.000
6:44:51,     0.000
6:44:54,     5.840
6:44:57,     5.840
6:45:00,     5.840
6:45:03,     0.000
6:45:06,     5.840
6:45:09,     5.840
6:45:12,     2.920
6:45:15,     0.000
6:45:19,     1.460
6:45:22,     1.460
6:45:25,     2.920
6:45:28,     1.460
6:45:31,     1.460
6:45:34,     1.460
6:45:37,     2.920
6:45:40,     2.920
6:45:43,     0.000
6:45:46,     1.460
6:45:49,     2.920
6:45:52,     2.920
6:45:55,     0.000
6:45:58,     2.920
6:46:01,     5.840
6:46:04,     1.460
6:46:08,     5.840
6:46:11,     0.000
6:46:14,     2.920
6:46:17,     5.840
6:46:20,     4.380
6:46:23,     1.460
6:46:26,     1.460
6:46:29,     1.460
6:46:32,     2.920
6:46:35,     5.840
6:46:38,     5.840
6:46:41,     5.840
6:46:44,     2.920
6:46:47,     2.920
6:46:50,     2.920
6:46:54,     2.920
6:46:57,     2.920
6:47:00,     0.000
6:47:03,     1.460
6:47:06,     1.460
6:47:09,     4.380
6:47:12,     5.840
6:47:15,     5.840
6:47:18,     5.840
6:47:21,     2.920
6:47:24,     1.460
6:47:27,     5.840
6:47:30,     2.920
6:47:33,     2.920
6:47:37,     5.840
6:47:40,     0.000
6:47:43,     1.460
6:47:46,     2.920
6:47:49,     5.840
6:47:52,     2.920
6:47:55,     4.380
6:47:58,     5.840
6:48:01,     0.000
6:48:04,     2.920
6:48:07,     5.840
6:48:10,     5.840
6:48:13,     1.460
6:48:16,     0.000
6:48:20,     2.920
6:48:23,     5.840
6:48:26,     5.840
6:48:29,     1.460
6:48:32,     2.920
6:48:35,     2.920
6:48:38,     5.840
6:48:41,     4.380
6:48:44,     2.920
6:48:47,     2.920
6:48:50,     5.840
6:48:53,     5.840
6:48:56,     2.920
6:48:59,     1.460
6:49:02,     5.840
6:49:05,     5.840
6:49:09,     2.920
6:49:12,     1.460
6:49:15,     5.840
6:49:18,     5.840
6:49:21,     5.840
6:49:24,     5.840
6:49:27,     5.840
6:49:30,     5.840
6:49:33,     2.920
6:49:36,     5.840
6:49:39,     5.840
6:49:42,     5.840
6:49:45,     2.920
6:49:48,     5.840
6:49:51,     4.380
6:49:55,     5.840
6:49:58,     5.840
6:50:01,     2.920
6:50:04,     5.840
6:50:07,     5.840
6:50:10,     5.840
6:50:13,     5.840
6:50:16,     5.840
6:50:19,     2.920
6:50:22,     5.840
6:50:25,     5.840
6:50:28,     5.840
6:50:31,     5.840
6:50:34,     2.920
6:50:37,    11.690
6:50:41,    11.690
6:50:44,    11.690
6:50:47,     5.840
6:50:50,     5.840
6:50:53,     2.920
6:50:56,     5.840
6:50:59,     8.760
6:51:02,     5.840
6:51:05,     5.840
6:51:08,     5.840
6:51:11,     2.920
6:51:14,     5.840
6:51:17,     5.840
6:51:20,    11.690
6:51:23,     5.840
6:51:27,     5.840
6:51:30,     5.840
6:51:33,     5.840
6:51:36,     5.840
6:51:39,     5.840
6:51:42,     7.300
6:51:45,     5.840
6:51:48,     5.840
6:51:51,     5.840
6:51:54,     5.840
6:51:57,     5.840
6:52:00,     5.840
6:52:03,     5.840
6:52:06,     5.840
6:52:09,     5.840
6:52:13,     8.760
6:52:16,    11.690
6:52:19,     7.300
6:52:22,    11.690
6:52:25,     7.300
6:52:28,    11.690
6:52:31,     7.300
6:52:34,     5.840
6:52:37,     1.460
6:52:40,    11.690
6:52:43,    11.690
6:52:46,     5.840
6:52:49,     5.840
6:52:52,     5.840
6:52:56,    11.690
6:52:59,     5.840
6:53:02,     5.840
6:53:05,     5.840
6:53:08,     7.300
6:53:11,    11.690
6:53:14,     7.300
6:53:17,    11.690
6:53:20,    11.690
6:53:23,     7.300
6:53:26,    11.690
6:53:29,     7.300
6:53:32,     7.300
6:53:36,     7.300
6:53:39,    11.690
6:53:42,     7.300
6:53:45,    11.690
6:53:48,     5.840
6:53:51,     5.840
6:53:54,     8.760
6:53:57,    11.690
6:54:00,     7.300
6:54:03,     8.760
6:54:06,    11.690
6:54:09,    11.690
6:54:12,     5.840
6:54:15,     7.300
6:54:18,    11.690
6:54:22,    11.690
6:54:25,     7.300
6:54:28,    11.690
6:54:31,    11.690
6:54:34,    11.690
6:54:37,     5.840
6:54:40,     7.300
6:54:43,    11.690
6:54:46,    11.690
6:54:49,    11.690
6:54:52,     5.840
6:54:55,    11.690
6:54:58,    11.690
6:55:01,    11.690
6:55:04,     5.840
6:55:08,    11.690
6:55:11,     5.840
6:55:14,    11.690
6:55:17,    11.690
6:55:20,    11.690
6:55:23,    11.690
6:55:26,     8.760
6:55:29,    11.690
6:55:32,     5.840
6:55:35,    11.690
6:55:38,    11.690
6:55:41,     7.300
6:55:44,     7.300
6:55:47,    11.690
6:55:50,    11.690
6:55:54,    11.690
6:55:57,    11.690
6:56:00,    11.690
6:56:03,    11.690
6:56:06,    11.690
6:56:09,    11.690
6:56:12,    11.690
6:56:15,    11.690
6:56:18,    11.690
6:56:21,     5.840
6:56:24,    11.690
6:56:27,    11.690
6:56:30,    11.690
6:56:33,     8.760
6:56:37,     7.300
6:56:40,    11.690
6:56:43,    11.690
6:56:46,    11.690
6:56:49,     5.840
6:56:52,    11.690
6:56:55,    11.690
6:56:58,    11.690
6:57:01,    11.690
6:57:04,     7.300
6:57:07,    11.690
6:57:10,    11.690
6:57:13,    11.690
6:57:16,    11.690
6:57:19,     8.760
6:57:23,    11.690
6:57:26,    11.690
6:57:29,    11.690
6:57:32,    11.690
6:57:35,    11.690
6:57:38,    11.690
6:57:41,    11.690
6:57:44,    11.690
6:57:47,    11.690
6:57:50,    11.690
6:57:53,    11.690
6:57:56,    13.150
6:57:59,    11.690
6:58:02,    11.690
6:58:06,    11.690
6:58:09,    11.690
6:58:12,    11.690
6:58:15,     7.300
6:58:18,    11.690
6:58:21,    11.690
6:58:24,    11.690
6:58:27,    11.690
6:58:30,    11.690
6:58:33,    11.690
6:58:36,    13.150
6:58:39,    11.690
6:58:42,    11.690
6:58:45,    13.150
6:58:49,    11.690
6:58:52,    11.690
6:58:55,    13.150
6:58:58,    11.690
6:59:01,    13.150
6:59:04,    11.690
6:59:07,    14.610
6:59:10,     8.760
6:59:13,    11.690
6:59:16,    14.610
6:59:19,    11.690
6:59:22,    11.690
6:59:25,    11.690
6:59:28,    11.690
6:59:31,    11.690
6:59:35,    13.150
6:59:38,    11.690
6:59:41,    11.690
6:59:44,    14.610
6:59:47,    11.690
6:59:50,    11.690
6:59:53,    13.150
6:59:56,    14.610
6:59:59,    13.150
7:00:02,    11.690
7:00:05,    14.610
7:00:08,    11.690
7:00:11,    14.610
7:00:14,    14.610
7:00:17,    14.610
7:00:21,    11.690
7:00:24,    13.150
7:00:27,    13.150
7:00:30,    11.690
7:00:33,    13.150
7:00:36,    13.150
7:00:39,    14.610
7:00:42,    13.150
7:00:45,    13.150
7:00:48,    13.150
7:00:51,    13.150
7:00:54,    14.610
7:00:57,    14.610
7:01:00,    13.150
7:01:03,    14.610
7:01:07,    11.690
7:01:10,    11.690
7:01:13,    14.610
7:01:16,    11.690
7:01:19,    13.150
7:01:22,    14.610
7:01:25,    13.150
7:01:28,    14.610
7:01:31,    17.530
7:01:34,    11.690
7:01:37,    11.690
7:01:40,    14.610
7:01:43,    11.690
7:01:46,    13.150
7:01:50,    17.530
7:01:53,    13.150
7:01:56,    14.610
7:01:59,    14.610
7:02:02,    17.530
7:02:05,    13.150
7:02:08,    14.610
7:02:11,    14.610
7:02:14,    11.690
7:02:17,    14.610
7:02:20,    13.150
7:02:23,    17.530
7:02:26,    13.150
7:02:29,    11.690
7:02:32,    11.690
7:02:36,    13.150
7:02:39,    17.530
7:02:42,    14.610
7:02:45,    14.610
7:02:48,    14.610
7:02:51,    17.530
7:02:54,    11.690
7:02:57,    17.530
7:03:00,    14.610
7:03:03,    23.370
7:03:06,    13.150
7:03:09,    14.610
7:03:12,    17.530
7:03:15,    16.070
7:03:19,    13.150
7:03:22,    17.530
7:03:25,    14.610
7:03:28,    17.530
7:03:31,    17.530
7:03:34,    16.070
7:03:37,    13.150
7:03:40,    17.530
7:03:43,    17.530
7:03:46,    14.610
7:03:49,    23.370
7:03:52,    17.530
7:03:55,    17.530
7:03:58,    17.530
7:04:01,    13.150
7:04:05,    13.150
7:04:08,    13.150
7:04:11,    16.070
7:04:14,    17.530
7:04:17,    14.610
7:04:20,    17.530
7:04:23,    23.370
7:04:26,    14.610
7:04:29,    17.530
7:04:32,    17.530
7:04:35,    17.530
7:04:38,    17.530
7:04:42,    14.610
7:04:45,    16.070
7:04:48,    17.530
7:04:51,    17.530
7:04:54,    14.610
7:04:57,    17.530
7:05:00,    23.370
7:05:03,    17.530
7:05:06,    14.610
7:05:09,    14.610
7:05:12,    17.530
7:05:15,    17.530
7:05:18,    13.150
7:05:21,    17.530
7:05:24,    17.530
7:05:28,    17.530
7:05:31,    16.070
7:05:34,    16.070
7:05:37,    17.530
7:05:40,    16.070
7:05:43,    16.070
7:05:46,    17.530
7:05:49,    17.530
7:05:52,    16.070
7:05:55,    18.990
7:05:58,    17.530
7:06:01,    17.530
7:06:04,    23.370
7:06:07,    16.070
7:06:10,    23.370
7:06:14,    18.990
7:06:17,    17.530
7:06:20,    17.530
7:06:23,    17.530
7:06:26,    17.530
7:06:29,    23.370
7:06:32,    17.530
7:06:35,    17.530
7:06:38,    17.530
7:06:41,    23.370
7:06:44,    14.610
7:06:47,    23.370
7:06:50,    23.370
7:06:53,    17.530
7:06:57,    23.370
7:07:00,    23.370
7:07:03,    23.370
7:07:06,    23.370
7:07:09,    17.530
7:07:12,    18.990
7:07:15,    17.530
7:07:18,    23.370
7:07:21,    17.530
7:07:24,    17.530
7:07:27,    23.370
7:07:30,    17.530
7:07:33,    17.530
7:07:36,    18.990
7:07:39,    17.530
7:07:43,    17.530
7:07:46,    23.370
7:07:49,    23.370
7:07:52,    23.370
7:07:55,    23.370
7:07:58,    23.370
7:08:01,    20.450
7:08:04,    18.990
7:08:07,    23.370
7:08:10,    23.370
7:08:13,    23.370
7:08:16,    23.370
7:08:19,    23.370
7:08:22,    23.370
7:08:26,    23.370
7:08:29,    23.370
7:08:32,    18.990
7:08:35,    17.530
7:08:38,    17.530
7:08:41,    23.370
7:08:44,    18.990
7:08:47,    17.530
7:08:50,    23.370
7:08:53,    23.370
7:08:56,    23.370
7:08:59,    17.530
7:09:02,    23.370
7:09:05,    18.990
7:09:08,    23.370
7:09:12,    17.530
7:09:15,    23.370
7:09:18,    17.530
7:09:21,    18.990
7:09:24,    23.370
7:09:27,    23.370
7:09:30,    23.370
7:09:33,    23.370
7:09:36,    23.370
7:09:39,    17.530
7:09:42,    23.370
7:09:45,    23.370
7:09:48,    23.370
7:09:51,    23.370
7:09:55,    23.370
7:09:58,    23.370
7:10:01,    23.370
7:10:04,    23.370
7:10:07,    23.370
7:10:10,    23.370
7:10:13,    23.370
7:10:16,    17.530
7:10:19,    18.990
7:10:22,    23.370
7:10:25,    23.370
7:10:28,    23.370
7:10:31,    23.370
7:10:34,    23.370
7:10:38,    23.370
7:10:41,    17.530
7:10:44,    23.370
7:10:47,    23.370
7:10:50,    18.990
7:10:53,    17.530
7:10:56,    23.370
7:10:59,    17.530
7:11:02,    14.610
7:11:05,    23.370
7:11:08,    18.990
7:11:11,    23.370
7:11:14,    23.370
7:11:17,    23.370
7:11:20,    23.370
7:11:24,    23.370
7:11:27,    23.370
7:11:30,    23.370
7:11:33,    23.370
7:11:36,    17.530
7:11:39,    23.370
7:11:42,    17.530
7:11:45,    23.370
7:11:48,    23.370
7:11:51,    23.370
7:11:54,    23.370
7:11:57,    23.370
7:12:00,    23.370
7:12:03,    23.370
7:12:07,    18.990
7:12:10,    24.830
7:12:13,    23.370
7:12:16,    23.370
7:12:19,    23.370
7:12:22,    23.370
7:12:25,    23.370
7:12:28,    23.370
7:12:31,    23.370
7:12:34,    23.370
7:12:37,    23.370
7:12:40,    23.370
7:12:43,    23.370
7:12:46,    23.370
7:12:50,    18.990
7:12:53,    23.370
7:12:56,    23.370
7:12:59,    23.370
7:13:02,    23.370
7:13:05,    23.370
7:13:08,    24.830
7:13:11,    23.370
7:13:14,    23.370
7:13:17,    23.370
7:13:20,    23.370
7:13:23,    23.370
7:13:26,    23.370
7:13:29,    23.370
7:13:32,    23.370
7:13:36,    24.830
7:13:39,    23.370
7:13:42,    23.370
7:13:45,    23.370
7:13:48,    23.370
7:13:51,    26.290
7:13:54,    23.370
7:13:57,    23.370
7:14:00,    24.830
7:14:03,    23.370
7:14:06,    24.830
7:14:09,    23.370
7:14:12,    24.830
7:14:15,    23.370
7:14:18,    23.370
7:14:22,    26.290
7:14:25,    24.830
7:14:28,    26.290
7:14:31,    23.370
7:14:34,    23.370
7:14:37,    24.830
7:14:40,    23.370
7:14:43,    23.370
7:14:46,    23.370
7:14:49,    23.370
7:14:52,    24.830
7:14:55,    23.370
7:14:58,    26.290
7:15:01,    29.210
7:15:05,    26.290
7:15:08,    24.830
7:15:11,    23.370
7:15:14,    23.370
7:15:17,    26.290
7:15:20,    23.370
7:15:23,    26.290
7:15:26,    24.830
7:15:29,    24.830
7:15:32,    27.750
7:15:35,    26.290
7:15:38,    23.370
7:15:41,    26.290
7:15:44,    29.210
7:15:47,    29.210
7:15:51,    23.370
7:15:54,    26.290
7:15:57,    24.830
7:16:00,    23.370
7:16:03,    23.370
7:16:06,    26.290
7:16:09,    27.750
7:16:12,    26.290
7:16:15,    23.370
7:16:18,    23.370
7:16:21,    26.290
7:16:24,    23.370
7:16:28,    23.370
7:16:31,    29.210
7:16:34,    23.370
7:16:37,    29.210
7:16:40,    24.830
7:16:43,    26.290
7:16:46,    29.210
7:16:49,    29.210
7:16:52,    23.370
7:16:55,    23.370
7:16:58,    29.210
7:17:01,    24.830
7:17:04,    23.370
7:17:07,    29.210
7:17:11,    23.370
7:17:14,    29.210
7:17:17,    24.830
7:17:20,    27.750
7:17:23,    26.290
7:17:26,    26.290
7:17:29,    29.210
7:17:32,    23.370
7:17:35,    23.370
7:17:38,    29.210
7:17:41,    26.290
7:17:44,    29.210
7:17:47,    26.290
7:17:50,    24.830
7:17:54,    23.370
7:17:57,    32.130
7:18:00,    23.370
7:18:03,    23.370
7:18:06,    29.210
7:18:09,    24.830
7:18:12,    29.210
7:18:15,    26.290
7:18:18,    26.290
7:18:21,    29.210
7:18:24,    23.370
7:18:27,    29.210
7:18:30,    23.370
7:18:33,    29.210
7:18:36,    32.130
7:18:40,    23.370
7:18:43,    29.210
7:18:46,    30.670
7:18:49,    35.060
7:18:52,    29.210
7:18:55,    29.210
7:18:58,    29.210
7:19:01,    29.210
7:19:04,    24.830
7:19:07,    29.210
7:19:10,    29.210
7:19:13,    26.290
7:19:16,    26.290
7:19:19,    32.130
7:19:23,    29.210
7:19:26,    23.370
7:19:29,    29.210
7:19:32,    32.130
7:19:35,    29.210
7:19:38,    26.290
7:19:41,    29.210
7:19:44,    29.210
7:19:47,    27.750
7:19:50,    30.670
7:19:53,    29.210
7:19:56,    23.370
7:19:59,    30.670
7:20:02,    29.210
7:20:05,    29.210
7:20:09,    29.210
7:20:12,    35.060
7:20:15,    24.830
7:20:18,    26.290
7:20:21,    30.670
7:20:24,    35.060
7:20:27,    29.210
7:20:30,    23.370
7:20:33,    30.670
7:20:36,    35.060
7:20:39,    29.210
7:20:42,    29.210
7:20:45,    29.210
7:20:48,    35.060
7:20:52,    29.210
7:20:55,    30.670
7:20:58,    27.750
7:21:01,    29.210
7:21:04,    29.210
7:21:07,    29.210
7:21:10,    23.370
7:21:13,    30.670
7:21:16,    32.130
7:21:19,    26.290
7:21:22,    29.210
7:21:25,    29.210
7:21:28,    29.210
7:21:31,    29.210
7:21:35,    24.830
7:21:38,    29.210
7:21:41,    29.210
7:21:44,    35.060
7:21:47,    30.670
7:21:50,    35.060
7:21:53,    29.210
7:21:56,    30.670
7:21:59,    29.210
7:22:02,    29.210
7:22:05,    32.130
7:22:08,    29.210
7:22:11,    26.290
7:22:14,    29.210
7:22:18,    32.130
7:22:21,    35.060
7:22:24,    29.210
7:22:27,    29.210
7:22:30,    29.210
7:22:33,    29.210
7:22:36,    30.670
7:22:39,    29.210
7:22:42,    30.670
7:22:45,    26.290
7:22:48,    35.060
7:22:51,    35.060
7:22:54,    29.210
7:22:57,    35.060
7:23:01,    24.830
7:23:04,    35.060
7:23:07,    29.210
7:23:10,    35.060
7:23:13,    26.290
7:23:16,    29.210
7:23:19,    35.060
7:23:22,    26.290
7:23:25,    29.210
7:23:28,    35.060
7:23:31,    35.060
7:23:34,    35.060
7:23:37,    35.060
7:23:40,    35.060
7:23:43,    35.060
7:23:47,    35.060
7:23:50,    30.670
7:23:53,    35.060
7:23:56,    35.060
7:23:59,    37.980
7:24:02,    35.060
7:24:05,    30.670
7:24:08,    36.520
7:24:11,    35.060
7:24:14,    30.670
7:24:17,    35.060
7:24:20,    24.830
7:24:23,    35.060
7:24:26,    30.670
7:24:30,    29.210
7:24:33,    35.060
7:24:36,    35.060
7:24:39,    35.060
7:24:42,    29.210
7:24:45,    35.060
7:24:48,    40.900
7:24:51,    37.980
7:24:54,    29.210
7:24:57,    35.060
7:25:00,    37.980
7:25:03,    35.060
7:25:06,    35.060
7:25:09,    26.290
7:25:12,    30.670
7:25:16,    35.060
7:25:19,    35.060
7:25:22,    35.060
7:25:25,    29.210
7:25:28,    35.060
7:25:31,    30.670
7:25:34,    35.060
7:25:37,    29.210
7:25:40,    32.130
7:25:43,    35.060
7:25:46,    35.060
7:25:49,    29.210
7:25:52,    35.060
7:25:55,    32.130
7:25:58,    29.210
7:26:02,    29.210
7:26:05,    35.060
7:26:08,    35.060
7:26:11,    37.980
7:26:14,    26.290
7:26:17,    35.060
7:26:20,    29.210
7:26:23,    35.060
7:26:26,    35.060
7:26:29,    29.210
7:26:32,    35.060
7:26:35,    29.210
7:26:38,    35.060
7:26:41,    37.980
7:26:45,    37.980
7:26:48,    35.060
7:26:51,    35.060
7:26:54,    37.980
7:26:57,    37.980
7:27:00,    37.980
7:27:03,    35.060
7:27:06,    36.520
7:27:09,    29.210
7:27:12,    35.060
7:27:15,    36.520
7:27:19,    35.060
7:27:22,    35.060
7:27:25,    35.060
7:27:28,    35.060
7:27:31,    35.060
7:27:34,    27.750
7:27:37,    35.060
7:27:40,    30.670
7:27:43,    36.520
7:27:46,    35.060
7:27:49,    29.210
7:27:52,    36.520
7:27:55,    30.670
7:27:58,    35.060
7:28:01,    30.670
7:28:05,    29.210
7:28:08,    35.060
7:28:11,    35.060
7:28:14,    29.210
7:28:17,    36.520
7:28:20,    36.520
7:28:23,    29.210
7:28:26,    35.060
7:28:29,    37.980
7:28:32,    35.060
7:28:35,    36.520
7:28:38,    36.520
7:28:41,    35.060
7:28:44,    35.060
7:28:47,    40.900
7:28:51,    37.980
7:28:54,    35.060
7:28:57,    35.060
7:29:00,    35.060
7:29:03,    35.060
7:29:06,    37.980
7:29:09,    36.520
7:29:12,    35.060
7:29:15,    35.060
7:29:18,    35.060
7:29:21,    35.060
7:29:24,    32.130
7:29:27,    39.440
7:29:30,    27.750
7:29:34,    46.740
7:29:37,    37.980
7:29:40,    30.670
7:29:43,    35.060
7:29:46,    36.520
7:29:49,    29.210
7:29:52,    35.060
7:29:55,    30.670
7:29:58,    36.520
7:30:01,    35.060
7:30:04,    24.830
7:30:07,    35.060
7:30:10,    40.900
7:30:13,    46.740
7:30:16,    40.900
7:30:20,    35.060
7:30:23,    46.740
7:30:26,    30.670
7:30:29,    37.980
7:30:32,    37.980
7:30:35,    35.060
7:30:38,    35.060
7:30:41,    36.520
7:30:44,    26.290
7:30:47,    35.060
7:30:50,    32.130
7:30:53,    36.520
7:30:56,    40.900
7:30:59,    37.980
7:31:03,    35.060
7:31:06,    33.590
7:31:09,    32.130
7:31:12,    35.060
7:31:15,    29.210
7:31:18,    30.670
7:31:21,    29.210
7:31:24,    32.130
7:31:27,    30.670
7:31:30,    40.900
7:31:33,    36.520
7:31:36,    35.060
7:31:39,    35.060
7:31:42,    46.740
7:31:45,    46.740
7:31:49,    36.520
7:31:52,    37.980
7:31:55,    37.980
7:31:58,    36.520
7:32:01,    35.060
7:32:04,    29.210
7:32:07,    35.060
7:32:10,    36.520
7:32:13,    35.060
7:32:16,    35.060
7:32:19,    35.060
7:32:22,    40.900
7:32:25,    29.210
7:32:28,    36.520
7:32:32,    35.060
7:32:35,    37.980
7:32:38,    36.520
7:32:41,    36.520
7:32:44,    36.520
7:32:47,    37.980
7:32:50,    35.060
7:32:53,    37.980
7:32:56,    36.520
7:32:59,    27.750
7:33:02,    36.520
7:33:05,    42.360
7:33:08,    35.060
7:33:12,    37.980
7:33:15,    29.210
7:33:18,    35.060
7:33:21,    37.980
7:33:24,    36.520
7:33:27,    35.060
7:33:30,    29.210
7:33:33,    36.520
7:33:36,    27.750
7:33:39,    35.060
7:33:42,    37.980
7:33:45,    40.900
7:33:48,    35.060
7:33:51,    35.060
7:33:54,    36.520
7:33:58,    35.060
7:34:01,    46.740
7:34:04,    35.060
7:34:07,    37.980
7:34:10,    36.520
7:34:13,    35.060
7:34:16,    39.440
7:34:19,    35.060
7:34:22,    35.060
7:34:25,    35.060
7:34:28,    35.060
7:34:31,    40.900
7:34:34,    32.130
7:34:37,    40.900
7:34:41,    40.900
7:34:44,    46.740
7:34:47,    46.740
7:34:50,    46.740
7:34:53,    36.520
7:34:56,    40.900
7:34:59,    40.900
7:35:02,    46.740
7:35:05,    35.060
7:35:08,    30.670
7:35:11,    35.060
7:35:14,    37.980
7:35:17,    37.980
7:35:20,    35.060
7:35:23,    46.740
7:35:27,    37.980
7:35:30,    35.060
7:35:33,    46.740
7:35:36,    23.370
7:35:39,    37.980
7:35:42,    40.900
7:35:45,    35.060
7:35:48,    40.900
7:35:51,    46.740
7:35:54,    46.740
7:35:57,    35.060
7:36:00,    37.980
7:36:03,    30.670
7:36:06,    35.060
7:36:09,    36.520
7:36:13,    35.060
7:36:16,    36.520
7:36:19,    40.900
7:36:22,    35.060
7:36:25,    40.900
7:36:28,    46.740
7:36:31,    30.670
7:36:34,    46.740
7:36:37,    37.980
7:36:40,    36.520
7:36:43,    46.740
7:36:46,    46.740
7:36:49,    40.900
7:36:52,    37.980
7:36:56,    29.210
7:36:59,    46.740
7:37:02,    36.520
7:37:05,    46.740
7:37:08,    37.980
7:37:11,    40.900
7:37:14,    40.900
7:37:17,    46.740
7:37:20,    35.060
7:37:23,    37.980
7:37:26,    40.900
7:37:29,    46.740
7:37:32,    46.740
7:37:35,    46.740
7:37:39,    37.980
7:37:42,    35.060
7:37:45,    35.060
7:37:48,    37.980
7:37:51,    40.900
7:37:54,    40.900
7:37:57,    35.060
7:38:00,    35.060
7:38:03,    46.740
7:38:06,    40.900
7:38:09,    40.900
7:38:12,    46.740
7:38:15,    40.900
7:38:18,    49.660
7:38:21,    36.520
7:38:25,    37.980
7:38:28,    46.740
7:38:31,    40.900
7:38:34,    46.740
7:38:37,    46.740
7:38:40,    37.980
7:38:43,    40.900
7:38:46,    46.740
7:38:49,    46.740
7:38:52,    46.740
7:38:55,    46.740
7:38:58,    46.740
7:39:02,    46.740
7:39:05,    46.740
7:39:08,    46.740
7:39:11,    35.060
7:39:14,    46.740
7:39:17,    46.740
7:39:20,    35.060
7:39:23,    46.740
7:39:26,    46.740
7:39:29,    39.440
7:39:32,    46.740
7:39:35,    46.740
7:39:38,    46.740
7:39:41,    46.740
7:39:45,    46.740
7:39:48,    37.980
7:39:51,    46.740
7:39:54,    35.060
7:39:57,    40.900
7:40:00,    46.740
7:40:03,    35.060
7:40:06,    35.060
7:40:09,    46.740
7:40:12,    46.740
7:40:15,    35.060
7:40:18,    46.740
7:40:21,    46.740
7:40:24,    46.740
7:40:27,    46.740
7:40:31,    35.060
7:40:34,    40.900
7:40:37,    35.060
7:40:40,    46.740
7:40:43,    46.740
7:40:46,    35.060
7:40:49,    46.740
7:40:52,    46.740
7:40:55,    46.740
7:40:58,    46.740
7:41:01,    46.740
7:41:04,    46.740
7:41:07,    40.900
7:41:10,    46.740
7:41:13,    46.740
7:41:17,    40.900
7:41:20,    40.900
7:41:23,    46.740
7:41:26,    46.740
7:41:29,    46.740
7:41:32,    46.740
7:41:35,    46.740
7:41:38,    46.740
7:41:41,    46.740
7:41:44,    37.980
7:41:47,    46.740
7:41:50,    46.740
7:41:53,    46.740
7:41:56,    52.580
7:42:00,    26.290
7:42:03,    46.740
7:42:06,    46.740
7:42:09,    46.740
7:42:12,    46.740
7:42:15,    46.740
7:42:18,    46.740
7:42:21,    40.900
7:42:24,    40.900
7:42:27,    46.740
7:42:30,    46.740
7:42:33,    46.740
7:42:36,    46.740
7:42:39,    46.740
7:42:43,    40.900
7:42:46,    46.740
7:42:49,    35.060
7:42:52,    46.740
7:42:55,    46.740
7:42:58,    35.060
7:43:01,    46.740
7:43:04,    46.740
7:43:07,    36.520
7:43:10,    26.290
7:43:13,    46.740
7:43:16,    46.740
7:43:19,    52.580
7:43:22,    46.740
7:43:25,    46.740
7:43:29,    46.740
7:43:32,    46.740
7:43:35,    46.740
7:43:38,    46.740
7:43:41,    36.520
7:43:44,    46.740
7:43:47,    46.740
7:43:50,    46.740
7:43:53,    46.740
7:43:56,    40.900
7:43:59,    46.740
7:44:02,    40.900
7:44:05,    46.740
7:44:09,    46.740
7:44:12,    46.740
7:44:15,    46.740
7:44:18,    46.740
7:44:21,    46.740
7:44:24,    46.740
7:44:27,    46.740
7:44:30,    46.740
7:44:33,    48.200
7:44:36,    46.740
7:44:39,    40.900
7:44:42,    46.740
7:44:45,    46.740
7:44:48,    49.660
7:44:51,    58.430
7:44:55,    46.740
7:44:58,    46.740
7:45:01,    46.740
7:45:04,    40.900
7:45:07,    46.740
7:45:10,    48.200
7:45:13,    46.740
7:45:16,    46.740
7:45:19,    37.980
7:45:22,    46.740
7:45:25,    46.740
7:45:28,    40.900
7:45:31,    46.740
7:45:34,    49.660
7:45:38,    40.900
7:45:41,    40.900
7:45:44,    46.740
7:45:47,    46.740
7:45:50,    46.740
7:45:53,    46.740
7:45:56,    46.740
7:45:59,    52.580
7:46:02,    40.900
7:46:05,    46.740
7:46:08,    48.200
7:46:11,    46.740
7:46:14,    46.740
7:46:17,    56.960
7:46:20,    51.120
7:46:24,    46.740
7:46:27,    46.740
7:46:30,    58.430
7:46:33,    46.740
7:46:36,    55.500
7:46:39,    46.740
7:46:42,    46.740
7:46:45,    46.740
7:46:48,    46.740
7:46:51,    46.740
7:46:54,    46.740
7:46:57,    49.660
7:47:00,    36.520
7:47:03,    49.660
7:47:07,    52.580
7:47:10,    40.900
7:47:13,    52.580
7:47:16,    49.660
7:47:19,    46.740
7:47:22,    49.660
7:47:25,    52.580
7:47:28,    52.580
7:47:31,    46.740
7:47:34,    46.740
7:47:37,    46.740
7:47:40,    52.580
7:47:43,    46.740
7:47:46,    54.040
7:47:49,    55.500
7:47:53,    49.660
7:47:56,    46.740
7:47:59,    49.660
7:48:02,    48.200
7:48:05,    48.200
7:48:08,    52.580
7:48:11,    52.580
7:48:14,    46.740
7:48:17,    52.580
7:48:20,    48.200
7:48:23,    46.740
7:48:26,    40.900
7:48:29,    46.740
7:48:32,    52.580
7:48:36,    46.740
7:48:39,    46.740
7:48:42,    46.740
7:48:45,    48.200
7:48:48,    55.500
7:48:51,    46.740
7:48:54,    49.660
7:48:57,    49.660
7:49:00,    37.980
7:49:03,    48.200
7:49:06,    52.580
7:49:09,    52.580
7:49:12,    46.740
7:49:15,    46.740
7:49:18,    46.740
7:49:22,    48.200
7:49:25,    46.740
7:49:28,    58.430
7:49:31,    49.660
7:49:34,    54.040
7:49:37,    51.120
7:49:40,    48.200
7:49:43,    48.200
7:49:46,    48.200
7:49:49,    52.580
7:49:52,    52.580
7:49:55,    46.740
7:49:59,    48.200
7:50:02,    52.580
7:50:05,    49.660
7:50:08,    46.740
7:50:11,    61.350
7:50:14,    52.580
7:50:17,    49.660
7:50:20,    52.580
7:50:23,    49.660
7:50:26,    49.660
7:50:29,    49.660
7:50:32,    58.430
7:50:35,    46.740
7:50:38,    58.430
7:50:42,    46.740
7:50:45,    49.660
7:50:48,    52.580
7:50:51,    52.580
7:50:54,    46.740
7:50:57,    48.200
7:51:00,    59.890
7:51:03,    52.580
7:51:06,    55.500
7:51:09,    46.740
7:51:12,    49.660
7:51:15,    40.900
7:51:18,    52.580
7:51:21,    46.740
7:51:24,    52.580
7:51:28,    52.580
7:51:31,    49.660
7:51:34,    48.200
7:51:37,    46.740
7:51:40,    46.740
7:51:43,    49.660
7:51:46,    54.040
7:51:49,    52.580
7:51:52,    52.580
7:51:55,    46.740
7:51:58,    49.660
7:52:01,    49.660
7:52:04,    52.580
7:52:07,    46.740
7:52:11,    49.660
7:52:14,    52.580
7:52:17,    51.120
7:52:20,    46.740
7:52:23,    54.040
7:52:26,    54.040
7:52:29,    52.580
7:52:32,    52.580
7:52:35,    46.740
7:52:38,    49.660
7:52:41,    46.740
7:52:44,    46.740
7:52:47,    52.580
7:52:50,    46.740
7:52:53,    46.740
7:52:57,    52.580
7:53:00,    52.580
7:53:03,    46.740
7:53:06,    58.430
7:53:09,    58.430
7:53:12,    49.660
7:53:15,    58.430
7:53:18,    58.430
7:53:21,    55.500
7:53:24,    55.500
7:53:27,    54.040
7:53:30,    54.040
7:53:33,    58.430
7:53:36,    61.350
7:53:40,    54.040
7:53:43,    64.270
7:53:46,    62.810
7:53:49,    61.350
7:53:52,    49.660
7:53:55,    58.430
7:53:58,    46.740
7:54:01,    46.740
7:54:04,    52.580
7:54:07,    55.500
7:54:10,    59.890
7:54:13,    58.430
7:54:16,    70.110
7:54:19,    58.430
7:54:22,    55.500
7:54:26,    58.430
7:54:29,    59.890
7:54:32,    58.430
7:54:35,    46.740
7:54:38,    52.580
7:54:41,    52.580
7:54:44,    48.200
7:54:47,    58.430
7:54:50,    64.270
7:54:53,    58.430
7:54:56,    58.430
7:54:59,    58.430
7:55:02,    58.430
7:55:05,    58.430
7:55:09,    58.430
7:55:12,    54.040
7:55:15,    52.580
7:55:18,    52.580
7:55:21,    58.430
7:55:24,    52.580
7:55:27,    64.270
7:55:30,    58.430
7:55:33,    58.430
7:55:36,    64.270
7:55:39,    58.430
7:55:42,    55.500
7:55:45,    61.350
7:55:48,    58.430
7:55:52,    49.660
7:55:55,    58.430
7:55:58,    70.110
7:56:01,    61.350
7:56:04,    58.430
7:56:07,    58.430
7:56:10,    58.430
7:56:13,    59.890
7:56:16,    58.430
7:56:19,    58.430
7:56:22,    58.430
7:56:25,    61.350
7:56:28,    59.890
7:56:31,    58.430
7:56:34,    58.430
7:56:38,    52.580
7:56:41,    52.580
7:56:44,    70.110
7:56:47,    58.430
7:56:50,    58.430
7:56:53,    61.350
7:56:56,    64.270
7:56:59,    70.110
7:57:02,    58.430
7:57:05,    59.890
7:57:08,    58.430
7:57:11,    61.350
7:57:14,    54.040
7:57:18,    61.350
7:57:21,    64.270
7:57:24,    62.810
7:57:27,    58.430
7:57:30,    58.430
7:57:33,    59.890
7:57:36,    64.270
7:57:39,    61.350
7:57:42,    70.110
7:57:45,    61.350
7:57:48,    58.430
7:57:51,    59.890
7:57:54,    64.270
7:57:57,    64.270
7:58:00,    75.950
7:58:04,    61.350
7:58:07,    61.350
7:58:10,    61.350
7:58:13,    49.660
7:58:16,    59.890
7:58:19,    61.350
7:58:22,    58.430
7:58:25,    64.270
7:58:28,    58.430
7:58:31,    64.270
7:58:34,    64.270
7:58:37,    70.110
7:58:40,    58.430
7:58:43,    61.350
7:58:46,    61.350
7:58:50,    61.350
7:58:53,    58.430
7:58:56,    61.350
7:58:59,    61.350
7:59:02,    58.430
7:59:05,    65.730
7:59:08,    59.890
7:59:11,    65.730
7:59:14,    64.270
7:59:17,    61.350
7:59:20,    62.810
7:59:23,    62.810
7:59:26,    64.270
7:59:29,    58.430
7:59:33,    70.110
7:59:36,    52.580
7:59:39,    59.890
7:59:42,    59.890
7:59:45,    58.430
7:59:48,    61.350
7:59:51,    70.110
7:59:54,    61.350
7:59:57,    58.430
8:00:00,    58.430
8:00:03,    61.350
8:00:06,    58.430
8:00:09,    52.580
8:00:12,    70.110
8:00:15,    70.110
8:00:19,    70.110
8:00:22,    70.110
8:00:25,    61.350
8:00:28,    64.270
8:00:31,    61.350
8:00:34,    70.110
8:00:37,    59.890
8:00:40,    64.270
8:00:43,    65.730
8:00:46,    64.270
8:00:49,    64.270
8:00:52,    64.270
8:00:55,    62.810
8:00:58,    70.110
8:01:02,    62.810
8:01:05,    64.270
8:01:08,    70.110
8:01:11,    59.890
8:01:14,    70.110
8:01:17,    61.350
8:01:20,    65.730
8:01:23,    64.270
8:01:26,    81.800
8:01:29,    59.890
8:01:32,    61.350
8:01:35,    58.430
8:01:39,    70.110
8:01:42,    64.270
8:01:45,    70.110
8:01:48,    70.110
8:01:51,    75.950
8:01:54,    64.270
8:01:57,    58.430
8:02:00,    54.040
8:02:03,    70.110
8:02:06,    59.890
8:02:09,    70.110
8:02:12,    70.110
8:02:15,    70.110
8:02:18,    70.110
8:02:22,    70.110
8:02:25,    70.110
8:02:28,    70.110
8:02:31,    71.570
8:02:34,    75.950
8:02:37,    70.110
8:02:40,    70.110
8:02:43,    81.800
8:02:46,    75.950
8:02:49,    70.110
8:02:52,    70.110
8:02:55,    71.570
8:02:58,    70.110
8:03:01,    70.110
8:03:04,    64.270
8:03:08,    70.110
8:03:11,    58.430
8:03:14,    70.110
8:03:17,    70.110
8:03:20,    71.570
8:03:23,    70.110
8:03:26,    70.110
8:03:29,    73.030
8:03:32,    70.110
8:03:35,    70.110
8:03:38,    70.110
8:03:41,    73.030
8:03:44,    75.950
8:03:47,    81.800
8:03:50,    70.110
8:03:54,    75.950
8:03:57,    73.030
8:04:00,    70.110
8:04:03,    61.350
8:04:06,    70.110
8:04:09,    81.800
8:04:12,    73.030
8:04:15,    84.720
8:04:18,    75.950
8:04:21,    73.030
8:04:24,    70.110
8:04:27,    81.800
8:04:30,    75.950
8:04:33,    70.110
8:04:37,    64.270
8:04:40,    73.030
8:04:43,    73.030
8:04:46,    71.570
8:04:49,    71.570
8:04:52,    70.110
8:04:55,    71.570
8:04:58,    75.950
8:05:01,    71.570
8:05:04,    75.950
8:05:07,    93.480
8:05:10,    73.030
8:05:13,    61.350
8:05:16,    75.950
8:05:19,    75.950
8:05:23,    75.950
8:05:26,    70.110
8:05:29,    75.950
8:05:32,    81.800
8:05:35,    81.800
8:05:38,    64.270
8:05:41,    73.030
8:05:44,    75.950
8:05:47,    75.950
8:05:50,    73.030
8:05:53,    81.800
8:05:56,    75.950
8:05:59,    75.950
8:06:02,    75.950
8:06:06,    81.800
8:06:09,    75.950
8:06:12,    70.110
8:06:15,    81.800
8:06:18,    75.950
8:06:21,    75.950
8:06:24,    81.800
8:06:27,    75.950
8:06:30,    81.800
8:06:33,    73.030
8:06:36,    73.030
8:06:39,    75.950
8:06:42,    81.800
8:06:45,    74.490
8:06:49,    81.800
8:06:52,    81.800
8:06:55,    81.800
8:06:58,    77.410
8:07:01,    81.800
8:07:04,    81.800
8:07:07,    70.110
8:07:10,    75.950
8:07:13,    81.800
8:07:16,    75.950
8:07:19,    77.410
8:07:22,    83.260
8:07:25,    74.490
8:07:28,    81.800
8:07:32,    81.800
8:07:35,    75.950
8:07:38,    81.800
8:07:41,    81.800
8:07:44,    83.260
8:07:47,    81.800
8:07:50,    70.110
8:07:53,    87.640
8:07:56,    81.800
8:07:59,    81.800
8:08:02,    81.800
8:08:05,    81.800
8:08:08,    78.870
8:08:11,    75.950
8:08:15,    93.480
8:08:18,    81.800
8:08:21,    70.110
8:08:24,    84.720
8:08:27,    77.410
8:08:30,    87.640
8:08:33,    81.800
8:08:36,    75.950
8:08:39,    71.570
8:08:42,    81.800
8:08:45,    81.800
8:08:48,    84.720
8:08:51,    93.480
8:08:54,    84.720
8:08:57,    78.870
8:09:01,    71.570
8:09:04,    81.800
8:09:07,    83.260
8:09:10,    86.180
8:09:13,    87.640
8:09:16,    81.800
8:09:19,    81.800
8:09:22,    81.800
8:09:25,    83.260
8:09:28,    81.800
8:09:31,    75.950
8:09:34,    81.800
8:09:37,    81.800
8:09:40,    81.800
8:09:44,    93.480
8:09:47,    84.720
8:09:50,    83.260
8:09:53,    84.720
8:09:56,    81.800
8:09:59,    84.720
8:10:02,    87.640
8:10:05,    81.800
8:10:08,    81.800
8:10:11,    84.720
8:10:14,    83.260
8:10:17,    75.950
8:10:20,    93.480
8:10:23,    87.640
8:10:26,    93.480
8:10:30,    83.260
8:10:33,    87.640
8:10:36,    87.640
8:10:39,    99.320
8:10:42,    93.480
8:10:45,    81.800
8:10:48,    87.640
8:10:51,    81.800
8:10:54,    87.640
8:10:57,    84.720
8:11:00,    84.720
8:11:03,    87.640
8:11:06,    73.030
8:11:09,    93.480
8:11:12,    81.800
8:11:16,    87.640
8:11:19,    81.800
8:11:22,    75.950
8:11:25,    87.640
8:11:28,    84.720
8:11:31,    93.480
8:11:34,    84.720
8:11:37,    87.640
8:11:40,    93.480
8:11:43,    94.940
8:11:46,    87.640
8:11:49,    99.320
8:11:52,    93.480
8:11:55,    87.640
8:11:59,    84.720
8:12:02,    96.400
8:12:05,    81.800
8:12:08,    84.720
8:12:11,    93.480
8:12:14,    93.480
8:12:17,    87.640
8:12:20,    93.480
8:12:23,    93.480
8:12:26,    96.400
8:12:29,    83.260
8:12:32,    93.480
8:12:36,    93.480
8:12:39,    99.320
8:12:42,    96.400
8:12:45,    77.410
8:12:48,    93.480
8:12:51,    87.640
8:12:54,    75.950
8:12:57,    93.480
8:13:00,    93.480
8:13:03,    93.480
8:13:06,    93.480
8:13:09,    93.480
8:13:12,    93.480
8:13:15,    93.480
8:13:19,    81.800
8:13:22,    93.480
8:13:25,    93.480
8:13:28,    93.480
8:13:31,    84.720
8:13:34,   100.780
8:13:37,    93.480
8:13:40,    94.940
8:13:43,    96.400
8:13:46,    93.480
8:13:49,    93.480
8:13:52,    94.940
8:13:55,    93.480
8:13:58,    94.940
8:14:01,    94.940
8:14:05,    93.480
8:14:08,    93.480
8:14:11,    94.940
8:14:14,    93.480
8:14:17,    99.320
8:14:20,    96.400
8:14:23,    93.480
8:14:26,    93.480
8:14:29,    93.480
8:14:32,    96.400
8:14:35,    96.400
8:14:38,    93.480
8:14:41,    93.480
8:14:44,    81.800
8:14:48,    93.480
8:14:51,    94.940
8:14:54,    99.320
8:14:57,    99.320
8:15:00,    93.480
8:15:03,    94.940
8:15:06,    96.400
8:15:09,   108.090
8:15:12,    93.480
8:15:15,    99.320
8:15:18,    99.320
8:15:21,    93.480
8:15:24,    99.320
8:15:27,   108.090
8:15:30,   116.850
8:15:34,    96.400
8:15:37,    99.320
8:15:40,    96.400
8:15:43,    99.320
8:15:46,   100.780
8:15:49,    81.800
8:15:52,    99.320
8:15:55,    96.400
8:15:58,    83.260
8:16:01,   100.780
8:16:04,    99.320
8:16:07,    99.320
8:16:10,   105.170
8:16:13,    93.480
8:16:16,   116.850
8:16:20,    99.320
8:16:23,    99.320
8:16:26,    99.320
8:16:29,    99.320
8:16:32,   105.170
8:16:35,   100.780
8:16:38,    99.320
8:16:41,   100.780
8:16:44,    99.320
8:16:47,   100.780
8:16:50,    99.320
8:16:53,   105.170
8:16:56,    99.320
8:16:59,   102.240
8:17:03,    93.480
8:17:06,   105.170
8:17:09,   108.090
8:17:12,    99.320
8:17:15,   105.170
8:17:18,   111.010
8:17:21,    99.320
8:17:24,   105.170
8:17:27,   105.170
8:17:30,    96.400
8:17:33,    96.400
8:17:36,   106.630
8:17:39,   100.780
8:17:42,   112.470
8:17:46,   105.170
8:17:49,   105.170
8:17:52,   105.170
8:17:55,   105.170
8:17:58,   105.170
8:18:01,   100.780
8:18:04,   100.780
8:18:07,   111.010
8:18:10,   105.170
8:18:13,    96.400
8:18:16,   103.710
8:18:19,   105.170
8:18:22,   105.170
8:18:25,   105.170
8:18:29,   105.170
8:18:32,   111.010
8:18:35,   108.090
8:18:38,   105.170
8:18:41,   105.170
8:18:44,   108.090
8:18:47,   105.170
8:18:50,   100.780
8:18:53,   105.170
8:18:56,   106.630
8:18:59,   111.010
8:19:02,   108.090
8:19:05,   106.630
8:19:08,   106.630
8:19:12,   106.630
8:19:15,   108.090
8:19:18,   108.090
8:19:21,   106.630
8:19:24,   109.550
8:19:27,   108.090
8:19:30,   108.090
8:19:33,    99.320
8:19:36,   116.850
8:19:39,   108.090
8:19:42,   106.630
8:19:45,   119.770
8:19:48,   105.170
8:19:51,   108.090
8:19:55,   111.010
8:19:58,   111.010
8:20:01,   105.170
8:20:04,    93.480
8:20:07,   116.850
8:20:10,   111.010
8:20:13,   109.550
8:20:16,   111.010
8:20:19,   118.310
8:20:22,   111.010
8:20:25,   111.010
8:20:28,   112.470
8:20:31,   111.010
8:20:34,   111.010
8:20:38,   128.540
8:20:41,   113.930
8:20:44,   108.090
8:20:47,   116.850
8:20:50,   122.690
8:20:53,   111.010
8:20:56,   111.010
8:20:59,    99.320
8:21:02,   116.850
8:21:05,   105.170
8:21:08,   116.850
8:21:11,   116.850
8:21:14,   116.850
8:21:17,   116.850
8:21:21,   111.010
8:21:24,   122.690
8:21:27,   116.850
8:21:30,   111.010
8:21:33,   102.240
8:21:36,   116.850
8:21:39,   105.170
8:21:42,   108.090
8:21:45,   140.220
8:21:48,   111.010
8:21:51,   116.850
8:21:54,   116.850
8:21:57,   116.850
8:22:00,   116.850
8:22:03,   116.850
8:22:07,   116.850
8:22:10,   116.850
8:22:13,   118.310
8:22:16,   116.850
8:22:19,   116.850
8:22:22,   116.850
8:22:25,   119.770
8:22:28,   116.850
8:22:31,   116.850
8:22:34,   116.850
8:22:37,   119.770
8:22:40,   116.850
8:22:43,   122.690
8:22:46,   105.170
8:22:50,   116.850
8:22:53,   119.770
8:22:56,   116.850
8:22:59,   119.770
8:23:02,   118.310
8:23:05,   122.690
8:23:08,   116.850
8:23:11,   134.380
8:23:14,   116.850
8:23:17,   118.310
8:23:20,   116.850
8:23:23,   119.770
8:23:26,   119.770
8:23:29,   122.690
8:23:33,   122.690
8:23:36,   116.850
8:23:39,   119.770
8:23:42,   122.690
8:23:45,   119.770
8:23:48,   122.690
8:23:51,   119.770
8:23:54,   119.770
8:23:57,   116.850
8:24:00,   119.770
8:24:03,   122.690
8:24:06,   119.770
8:24:10,   116.850
8:24:13,   124.150
8:24:16,   119.770
8:24:19,   108.090
8:24:22,   122.690
8:24:25,   119.770
8:24:28,   119.770
8:24:31,   118.310
8:24:34,   130.000
8:24:37,   121.230
8:24:40,   106.630
8:24:43,   119.770
8:24:46,   125.620
8:24:49,   128.540
8:24:53,   119.770
8:24:56,   116.850
8:24:59,   128.540
8:25:02,   122.690
8:25:05,   122.690
8:25:08,   106.630
8:25:11,   128.540
8:25:14,   128.540
8:25:17,   121.230
8:25:20,   128.540
8:25:23,   128.540
8:25:26,   122.690
8:25:29,   128.540
8:25:32,   128.540
8:25:35,   128.540
8:25:39,   128.540
8:25:42,   124.150
8:25:45,   122.690
8:25:48,   128.540
8:25:51,   128.540
8:25:54,   128.540
8:25:57,   131.460
8:26:00,   122.690
8:26:03,   128.540
8:26:06,   128.540
8:26:09,   128.540
8:26:12,   128.540
8:26:15,   128.540
8:26:18,   128.540
8:26:22,   128.540
8:26:25,   125.620
8:26:28,   112.470
8:26:31,   134.380
8:26:34,   124.150
8:26:37,   146.060
8:26:40,   128.540
8:26:43,   130.000
8:26:46,   128.540
8:26:49,   130.000
8:26:52,   128.540
8:26:55,   130.000
8:26:58,   143.140
8:27:01,   131.460
8:27:05,   131.460
8:27:08,   134.380
8:27:11,   128.540
8:27:14,   128.540
8:27:17,   140.220
8:27:20,   128.540
8:27:23,   134.380
8:27:26,   134.380
8:27:29,   128.540
8:27:32,   130.000
8:27:35,   131.460
8:27:38,   141.680
8:27:41,   148.990
8:27:44,   131.460
8:27:48,   118.310
8:27:51,   143.140
8:27:54,   128.540
8:27:57,   131.460
8:28:00,   134.380
8:28:03,   128.540
8:28:06,   134.380
8:28:09,   132.920
8:28:12,   151.910
8:28:15,   148.990
8:28:18,   140.220
8:28:21,   140.220
8:28:24,   118.310
8:28:27,   140.220
8:28:30,   140.220
8:28:34,   140.220
8:28:37,   151.910
8:28:40,   134.380
8:28:43,   140.220
8:28:46,   128.540
8:28:49,   146.060
8:28:52,   119.770
8:28:55,   140.220
8:28:58,   140.220
8:29:01,   153.370
8:29:04,   134.380
8:29:07,   140.220
8:29:10,   118.310
8:29:13,   140.220
8:29:17,   125.620
8:29:20,   140.220
8:29:23,   134.380
8:29:26,   131.460
8:29:29,   153.370
8:29:32,   128.540
8:29:35,   140.220
8:29:38,   134.380
8:29:41,   151.910
8:29:44,   140.220
8:29:47,   140.220
8:29:50,   141.680
8:29:53,   141.680
8:29:57,   140.220
8:30:00,   137.300
8:30:03,   146.060
8:30:06,   141.680
8:30:09,   140.220
8:30:12,   141.680
8:30:15,   143.140
8:30:18,   143.140
8:30:21,   140.220
8:30:24,   143.140
8:30:27,   141.680
8:30:30,   140.220
8:30:33,   143.140
8:30:36,   140.220
8:30:39,   143.140
8:30:43,   144.600
8:30:46,   140.220
8:30:49,   141.680
8:30:52,   141.680
8:30:55,   141.680
8:30:58,   140.220
8:31:01,   140.220
8:31:04,   141.680
8:31:07,   130.000
8:31:10,   140.220
8:31:13,   141.680
8:31:16,   146.060
8:31:19,   146.060
8:31:23,   146.060
8:31:26,   146.060
8:31:29,   144.600
8:31:32,   143.140
8:31:35,   163.590
8:31:38,   166.510
8:31:41,   144.600
8:31:44,   151.910
8:31:47,   144.600
8:31:50,   147.520
8:31:53,   147.520
8:31:56,   147.520
8:31:59,   146.060
8:32:02,   146.060
8:32:05,   146.060
8:32:09,   147.520
8:32:12,   146.060
8:32:15,   146.060
8:32:18,   151.910
8:32:21,   146.060
8:32:24,   140.220
8:32:27,   128.540
8:32:30,   151.910
8:32:33,   147.520
8:32:36,   150.450
8:32:39,   146.060
8:32:42,   151.910
8:32:45,   146.060
8:32:48,   146.060
8:32:52,   140.220
8:32:55,   151.910
8:32:58,   148.990
8:33:01,   147.520
8:33:04,   159.210
8:33:07,   151.910
8:33:10,   151.910
8:33:13,   148.990
8:33:16,   141.680
8:33:19,   147.520
8:33:22,   140.220
8:33:25,   151.910
8:33:28,   151.910
8:33:31,   147.520
8:33:35,   157.750
8:33:38,   147.520
8:33:41,   151.910
8:33:44,   151.910
8:33:47,   151.910
8:33:50,   151.910
8:33:53,   153.370
8:33:56,   151.910
8:33:59,   151.910
8:34:02,   151.910
8:34:05,   151.910
8:34:08,   151.910
8:34:11,   128.540
8:34:14,   143.140
8:34:18,   157.750
8:34:21,   151.910
8:34:24,   151.910
8:34:27,   153.370
8:34:30,   140.220
8:34:33,   148.990
8:34:36,   151.910
8:34:39,   157.750
8:34:42,   144.600
8:34:45,   163.590
8:34:48,   148.990
8:34:51,   153.370
8:34:55,   157.750
8:34:58,   154.830
8:35:01,   163.590
8:35:04,   153.370
8:35:07,   157.750
8:35:10,   153.370
8:35:13,   151.910
8:35:16,   150.450
8:35:19,   156.290
8:35:22,   153.370
8:35:25,   159.210
8:35:28,   153.370
8:35:31,   157.750
8:35:34,   154.830
8:35:38,   157.750
8:35:41,   157.750
8:35:44,   157.750
8:35:47,   154.830
8:35:50,   157.750
8:35:53,   159.210
8:35:56,   154.830
8:35:59,   153.370
8:36:02,   159.210
8:36:05,   157.750
8:36:08,   157.750
8:36:11,   157.750
8:36:14,   154.830
8:36:18,   163.590
8:36:21,   157.750
8:36:24,   157.750
8:36:27,   151.910
8:36:30,   157.750
8:36:33,   163.590
8:36:36,   163.590
8:36:39,   157.750
8:36:42,   157.750
8:36:45,   176.740
8:36:48,   144.600
8:36:51,   163.590
8:36:54,   157.750
8:36:57,   156.290
8:37:01,   163.590
8:37:04,   163.590
8:37:07,   175.280
8:37:10,   175.280
8:37:13,   170.890
8:37:16,   146.060
8:37:19,   165.050
8:37:22,   169.430
8:37:25,   163.590
8:37:28,   157.750
8:37:31,   163.590
8:37:34,   146.060
8:37:37,   163.590
8:37:40,   163.590
8:37:43,   144.600
8:37:47,   160.670
8:37:50,   165.050
8:37:53,   146.060
8:37:56,   163.590
8:37:59,   163.590
8:38:02,   165.050
8:38:05,   163.590
8:38:08,   157.750
8:38:11,   163.590
8:38:14,   166.510
8:38:17,   163.590
8:38:20,   163.590
8:38:23,   179.660
8:38:26,   157.750
8:38:30,   166.510
8:38:33,   163.590
8:38:36,   147.520
8:38:39,   166.510
8:38:42,   165.050
8:38:45,   166.510
8:38:48,   166.510
8:38:51,   166.510
8:38:54,   175.280
8:38:57,   186.960
8:39:00,   163.590
8:39:03,   163.590
8:39:06,   169.430
8:39:09,   166.510
8:39:13,   166.510
8:39:16,   163.590
8:39:19,   157.750
8:39:22,   165.050
8:39:25,   169.430
8:39:28,   169.430
8:39:31,   172.360
8:39:34,   175.280
8:39:37,   165.050
8:39:40,   175.280
8:39:43,   166.510
8:39:46,   169.430
8:39:49,   147.520
8:39:52,   170.890
8:39:56,   169.430
8:39:59,   169.430
8:40:02,   170.890
8:40:05,   169.430
8:40:08,   169.430
8:40:11,   151.910
8:40:14,   170.890
8:40:17,   167.970
8:40:20,   169.430
8:40:23,   170.890
8:40:26,   167.970
8:40:29,   170.890
8:40:32,   170.890
8:40:36,   175.280
8:40:39,   172.360
8:40:42,   170.890
8:40:45,   166.510
8:40:48,   172.360
8:40:51,   175.280
8:40:54,   175.280
8:40:57,   175.280
8:41:00,   169.430
8:41:03,   172.360
8:41:06,   172.360
8:41:09,   169.430
8:41:12,   175.280
8:41:16,   169.430
8:41:19,   182.580
8:41:22,   175.280
8:41:25,   175.280
8:41:28,   175.280
8:41:31,   176.740
8:41:34,   175.280
8:41:37,   172.360
8:41:40,   186.960
8:41:43,   175.280
8:41:46,   165.050
8:41:49,   176.740
8:41:52,   181.120
8:41:55,   178.200
8:41:59,   175.280
8:42:02,   176.740
8:42:05,   175.280
8:42:08,   175.280
8:42:11,   176.740
8:42:14,   175.280
8:42:17,   175.280
8:42:20,   178.200
8:42:23,   176.740
8:42:26,   176.740
8:42:29,   181.120
8:42:32,   157.750
8:42:35,   178.200
8:42:38,   181.120
8:42:42,   176.740
8:42:45,   198.650
8:42:48,   175.280
8:42:51,   186.960
8:42:54,   178.200
8:42:57,   178.200
8:43:00,   176.740
8:43:03,   178.200
8:43:06,   181.120
8:43:09,   181.120
8:43:12,   175.280
8:43:15,   178.200
8:43:18,   181.120
8:43:21,   181.120
8:43:24,   181.120
8:43:28,   181.120
8:43:31,   178.200
8:43:34,   179.660
8:43:37,   195.730
8:43:40,   186.960
8:43:43,   181.120
8:43:46,   181.120
8:43:49,   184.040
8:43:52,   186.960
8:43:55,   186.960
8:43:58,   181.120
8:44:01,   179.660
8:44:04,   203.030
8:44:07,   181.120
8:44:11,   181.120
8:44:14,   186.960
8:44:17,   186.960
8:44:20,   184.040
8:44:23,   186.960
8:44:26,   186.960
8:44:29,   181.120
8:44:32,   182.580
8:44:35,   186.960
8:44:38,   189.880
8:44:41,   165.050
8:44:44,   186.960
8:44:47,   186.960
8:44:50,   186.960
8:44:54,   188.420
8:44:57,   186.960
8:45:00,   201.570
8:45:03,   186.960
8:45:06,   195.730
8:45:09,   186.960
8:45:12,   186.960
8:45:15,   186.960
8:45:18,   186.960
8:45:21,   186.960
8:45:24,   186.960
8:45:27,   186.960
8:45:30,   186.960
8:45:33,   186.960
8:45:37,   186.960
8:45:40,   186.960
8:45:43,   181.120
8:45:46,   189.880
8:45:49,   188.420
8:45:52,   188.420
8:45:55,   182.580
8:45:58,   189.880
8:46:01,   169.430
8:46:04,   186.960
8:46:07,   192.800
8:46:11,   192.800
8:46:14,   186.960
8:46:17,   186.960
8:46:20,   188.420
8:46:23,   189.880
8:46:26,   189.880
8:46:29,   192.800
8:46:32,   205.950
8:46:35,   188.420
8:46:38,   188.420
8:46:41,   192.800
8:46:44,   189.880
8:46:47,   192.800
8:46:50,   198.650
8:46:54,   192.800
8:46:57,   186.960
8:47:00,   210.330
8:47:03,   195.730
8:47:06,   189.880
8:47:09,   198.650
8:47:12,   192.800
8:47:15,   192.800
8:47:18,   192.800
8:47:21,   194.270
8:47:24,   192.800
8:47:27,   211.790
8:47:30,   192.800
8:47:33,   194.270
8:47:37,   195.730
8:47:40,   198.650
8:47:43,   175.280
8:47:46,   198.650
8:47:49,   198.650
8:47:52,   195.730
8:47:55,   198.650
8:47:58,   201.570
8:48:01,   191.340
8:48:04,   194.270
8:48:07,   192.800
8:48:10,   204.490
8:48:13,   181.120
8:48:16,   198.650
8:48:20,   197.190
8:48:23,   176.740
8:48:26,   198.650
8:48:29,   198.650
8:48:32,   198.650
8:48:35,   200.110
8:48:38,   181.120
8:48:41,   198.650
8:48:44,   178.200
8:48:47,   200.110
8:48:50,   210.330
8:48:53,   184.040
8:48:56,   198.650
8:48:59,   198.650
8:49:03,   200.110
8:49:06,   198.650
8:49:09,   200.110
8:49:12,   201.570
8:49:15,   201.570
8:49:18,   203.030
8:49:21,   203.030
8:49:24,   200.110
8:49:27,   204.490
8:49:30,   204.490
8:49:33,   200.110
8:49:36,   204.490
8:49:39,   201.570
8:49:42,   186.960
8:49:46,   204.490
8:49:49,   200.110
8:49:52,   204.490
8:49:55,   204.490
8:49:58,   203.030
8:50:01,   205.950
8:50:04,   223.480
8:50:07,   204.490
8:50:10,   213.250
8:50:13,   204.490
8:50:16,   210.330
8:50:19,   205.950
8:50:22,   185.500
8:50:25,   204.490
8:50:29,   210.330
8:50:32,   204.490
8:50:35,   229.320
8:50:38,   205.950
8:50:41,   186.960
8:50:44,   210.330
8:50:47,   201.570
8:50:50,   204.490
8:50:53,   204.490
8:50:56,   204.490
8:50:59,   205.950
8:51:02,   216.170
8:51:05,   205.950
8:51:08,   216.170
8:51:12,   210.330
8:51:15,   210.330
8:51:18,   210.330
8:51:21,   222.020
8:51:24,   204.490
8:51:27,   210.330
8:51:30,   201.570
8:51:33,   210.330
8:51:36,   219.100
8:51:39,   216.170
8:51:42,   210.330
8:51:45,   210.330
8:51:49,   207.410
8:51:52,   205.950
8:51:55,   211.790
8:51:58,   210.330
8:52:01,   201.570
8:52:04,   210.330
8:52:07,   210.330
8:52:10,   213.250
8:52:13,   213.250
8:52:16,   191.340
8:52:19,   216.170
8:52:22,   213.250
8:52:25,   210.330
8:52:28,   210.330
8:52:32,   211.790
8:52:35,   213.250
8:52:38,   210.330
8:52:41,   210.330
8:52:44,   213.250
8:52:47,   213.250
8:52:50,   213.250
8:52:53,   214.710
8:52:56,   211.790
8:52:59,   198.650
8:53:02,   227.860
8:53:05,   222.020
8:53:08,   210.330
8:53:11,   211.790
8:53:15,   210.330
8:53:18,   210.330
8:53:21,   214.710
8:53:24,   211.790
8:53:27,   220.560
8:53:30,   200.110
8:53:33,   222.020
8:53:36,   213.250
8:53:39,   226.400
8:53:42,   217.640
8:53:45,   216.170
8:53:48,   216.170
8:53:51,   219.100
8:53:54,   210.330
8:53:58,   222.020
8:54:01,   216.170
8:54:04,   222.020
8:54:07,   217.640
8:54:10,   217.640
8:54:13,   216.170
8:54:16,   222.020
8:54:19,   216.170
8:54:22,   216.170
8:54:25,   222.020
8:54:28,   201.570
8:54:31,   219.100
8:54:34,   222.020
8:54:37,   219.100
8:54:41,   224.940
8:54:44,   230.780
8:54:47,   222.020
8:54:50,   220.560
8:54:53,   216.170
8:54:56,   217.640
8:54:59,   222.020
8:55:02,   217.640
8:55:05,   223.480
8:55:08,   217.640
8:55:11,   220.560
8:55:14,   216.170
8:55:17,   222.020
8:55:20,   223.480
8:55:24,   220.560
8:55:27,   245.390
8:55:30,   227.860
8:55:33,   224.940
8:55:36,   222.020
8:55:39,   224.940
8:55:42,   233.700
8:55:45,   224.940
8:55:48,   224.940
8:55:51,   236.620
8:55:54,   223.480
8:55:57,   224.940
8:56:00,   224.940
8:56:03,   222.020
8:56:07,   224.940
8:56:10,   217.640
8:56:13,   227.860
8:56:16,   227.860
8:56:19,   205.950
8:56:22,   227.860
8:56:25,   233.700
8:56:28,   229.320
8:56:31,   227.860
8:56:34,   233.700
8:56:37,   233.700
8:56:40,   241.010
8:56:43,   227.860
8:56:46,   220.560
8:56:50,   227.860
8:56:53,   227.860
8:56:56,   229.320
8:56:59,   227.860
8:57:02,   249.770
8:57:05,   233.700
8:57:08,   229.320
8:57:11,   233.700
8:57:14,   227.860
8:57:17,   233.700
8:57:20,   233.700
8:57:24,   229.320
8:57:27,   252.690
8:57:30,   233.700
8:57:33,   233.700
8:57:36,   233.700
8:57:39,   216.170
8:57:42,   233.700
8:57:45,   227.860
8:57:48,   233.700
8:57:51,   233.700
8:57:54,   233.700
8:57:57,   233.700
8:58:00,   233.700
8:58:03,   236.620
8:58:07,   235.160
8:58:10,   252.690
8:58:13,   236.620
8:58:16,   236.620
8:58:19,   216.170
8:58:22,   211.790
8:58:25,   233.700
8:58:28,   233.700
8:58:31,   239.540
8:58:34,   233.700
8:58:37,   235.160
8:58:40,   233.700
8:58:43,   235.160
8:58:46,   224.940
8:58:50,   233.700
8:58:53,   236.620
8:58:56,   235.160
8:58:59,   236.620
8:59:02,   236.620
8:59:05,   233.700
8:59:08,   245.390
8:59:11,   233.700
8:59:14,   239.540
8:59:17,   217.640
8:59:20,   239.540
8:59:23,   239.540
8:59:26,   257.070
8:59:29,   216.170
8:59:33,   236.620
8:59:36,   239.540
8:59:39,   239.540
8:59:42,   241.010
8:59:45,   239.540
8:59:48,   251.230
8:59:51,   236.620
8:59:54,   227.860
8:59:57,   245.390
9:00:00,   239.540
9:00:03,   257.070
9:00:06,   222.020
9:00:09,   239.540
9:00:12,   239.540
9:00:16,   239.540
9:00:19,   239.540
9:00:22,   241.010
9:00:25,   236.620
9:00:28,   242.470
9:00:31,   239.540
9:00:34,   222.020
9:00:37,   257.070
9:00:40,   245.390
9:00:43,   239.540
9:00:46,   239.540
9:00:49,   239.540
9:00:52,   233.700
9:00:55,   239.540
9:00:59,   227.860
9:01:02,   246.850
9:01:05,   242.470
9:01:08,   245.390
9:01:11,   242.470
9:01:14,   242.470
9:01:17,   248.310
9:01:20,   245.390
9:01:23,   245.390
9:01:26,   245.390
9:01:29,   245.390
9:01:32,   245.390
9:01:35,   245.390
9:01:38,   245.390
9:01:42,   241.010
9:01:45,   245.390
9:01:48,   245.390
9:01:51,   245.390
9:01:54,   245.390
9:01:57,   245.390
9:02:00,   245.390
9:02:03,   245.390
9:02:06,   245.390
9:02:09,   251.230
9:02:12,   226.400
9:02:15,   245.390
9:02:18,   249.770
9:02:21,   245.390
9:02:25,   245.390
9:02:28,   233.700
9:02:31,   248.310
9:02:34,   246.850
9:02:37,   242.470
9:02:40,   245.390
9:02:43,   246.850
9:02:46,   248.310
9:02:49,   246.850
9:02:52,   248.310
9:02:55,   249.770
9:02:58,   246.850
9:03:01,   248.310
9:03:05,   264.380
9:03:08,   245.390
9:03:11,   252.690
9:03:14,   251.230
9:03:17,   248.310
9:03:20,   252.690
9:03:23,   233.700
9:03:26,   251.230
9:03:29,   245.390
9:03:32,   251.230
9:03:35,   262.920
9:03:38,   236.620
9:03:41,   248.310
9:03:44,   246.850
9:03:48,   249.770
9:03:51,   251.230
9:03:54,   251.230
9:03:57,   251.230
9:04:00,   249.770
9:04:03,   252.690
9:04:06,   239.540
9:04:09,   251.230
9:04:12,   252.690
9:04:15,   257.070
9:04:18,   257.070
9:04:21,   257.070
9:04:24,   257.070
9:04:27,   251.230
9:04:31,   252.690
9:04:34,   257.070
9:04:37,   257.070
9:04:40,   252.690
9:04:43,   259.990
9:04:46,   257.070
9:04:49,   257.070
9:04:52,   254.150
9:04:55,   258.530
9:04:58,   257.070
9:05:01,   257.070
9:05:04,   258.530
9:05:07,   257.070
9:05:10,   257.070
9:05:14,   257.070
9:05:17,   251.230
9:05:20,   257.070
9:05:23,   258.530
9:05:26,   258.530
9:05:29,   257.070
9:05:32,   248.310
9:05:35,   257.070
9:05:38,   257.070
9:05:41,   257.070
9:05:44,   257.070
9:05:47,   239.540
9:05:50,   257.070
9:05:53,   265.840
9:05:57,   257.070
9:06:00,   259.990
9:06:03,   262.920
9:06:06,   248.310
9:06:09,   239.540
9:06:12,   262.920
9:06:15,   262.920
9:06:18,   264.380
9:06:21,   262.920
9:06:24,   257.070
9:06:27,   262.920
9:06:30,   265.840
9:06:33,   258.530
9:06:36,   259.990
9:06:40,   261.450
9:06:43,   262.920
9:06:46,   264.380
9:06:49,   268.760
9:06:52,   265.840
9:06:55,   261.450
9:06:58,   258.530
9:07:01,   252.690
9:07:04,   259.990
9:07:07,   259.990
9:07:10,   264.380
9:07:13,   271.680
9:07:16,   268.760
9:07:19,   251.230
9:07:23,   271.680
9:07:26,   259.990
9:07:29,   268.760
9:07:32,   280.440
9:07:35,   268.760
9:07:38,   287.750
9:07:41,   265.840
9:07:44,   268.760
9:07:47,   241.010
9:07:50,   270.220
9:07:53,   268.760
9:07:56,   268.760
9:08:00,   267.300
9:08:03,   268.760
9:08:06,   268.760
9:08:09,   268.760
9:08:12,   271.680
9:08:15,   268.760
9:08:18,   271.680
9:08:21,   271.680
9:08:24,   268.760
9:08:27,   280.440
9:08:30,   274.600
9:08:33,   270.220
9:08:36,   270.220
9:08:39,   270.220
9:08:43,   268.760
9:08:46,   257.070
9:08:49,   271.680
9:08:52,   268.760
9:08:55,   280.440
9:08:58,   271.680
9:09:01,   268.760
9:09:04,   270.220
9:09:07,   259.990
9:09:10,   268.760
9:09:13,   274.600
9:09:16,   280.440
9:09:19,   271.680
9:09:22,   262.920
9:09:26,   274.600
9:09:29,   274.600
9:09:32,   274.600
9:09:35,   274.600
9:09:38,   280.440
9:09:41,   274.600
9:09:44,   273.140
9:09:47,   271.680
9:09:50,   259.990
9:09:53,   277.520
9:09:56,   274.600
9:09:59,   262.920
9:10:02,   274.600
9:10:05,   280.440
9:10:09,   270.220
9:10:12,   280.440
9:10:15,   274.600
9:10:18,   258.530
9:10:21,   271.680
9:10:24,   303.810
9:10:27,   281.900
9:10:30,   280.440
9:10:33,   276.060
9:10:36,   280.440
9:10:39,   267.300
9:10:42,   274.600
9:10:45,   284.820
9:10:48,   280.440
9:10:52,   268.760
9:10:55,   280.440
9:10:58,   281.900
9:11:01,   280.440
9:11:04,   280.440
9:11:07,   280.440
9:11:10,   292.130
9:11:13,   297.970
9:11:16,   280.440
9:11:19,   283.360
9:11:22,   281.900
9:11:25,   280.440
9:11:28,   299.430
9:11:31,   283.360
9:11:35,   280.440
9:11:38,   287.750
9:11:41,   283.360
9:11:44,   276.060
9:11:47,   295.050
9:11:50,   284.820
9:11:53,   283.360
9:11:56,   280.440
9:11:59,   284.820
9:12:02,   297.970
9:12:05,   281.900
9:12:08,   283.360
9:12:11,   280.440
9:12:14,   297.970
9:12:18,   286.290
9:12:21,   284.820
9:12:24,   271.680
9:12:27,   284.820
9:12:30,   265.840
9:12:33,   276.060
9:12:36,   303.810
9:12:39,   286.290
9:12:42,   286.290
9:12:45,   286.290
9:12:48,   287.750
9:12:51,   286.290
9:12:54,   306.730
9:12:57,   283.360
9:13:01,   303.810
9:13:04,   286.290
9:13:07,   292.130
9:13:10,   284.820
9:13:13,   286.290
9:13:16,   297.970
9:13:19,   286.290
9:13:22,   292.130
9:13:25,   299.430
9:13:28,   286.290
9:13:31,   286.290
9:13:34,   287.750
9:13:37,   296.510
9:13:41,   287.750
9:13:44,   290.670
9:13:47,   292.130
9:13:50,   293.590
9:13:53,   303.810
9:13:56,   283.360
9:13:59,   293.590
9:14:02,   287.750
9:14:05,   287.750
9:14:08,   293.590
9:14:11,   292.130
9:14:14,   289.210
9:14:17,   292.130
9:14:20,   293.590
9:14:24,   297.970
9:14:27,   295.050
9:14:30,   292.130
9:14:33,   315.500
9:14:36,   292.130
9:14:39,   289.210
9:14:42,   295.050
9:14:45,   292.130
9:14:48,   293.590
9:14:51,   297.970
9:14:54,   292.130
9:14:57,   292.130
9:15:00,   295.050
9:15:03,   292.130
9:15:07,   297.970
9:15:10,   297.970
9:15:13,   292.130
9:15:16,   289.210
9:15:19,   293.590
9:15:22,   296.510
9:15:25,   295.050
9:15:28,   292.130
9:15:31,   297.970
9:15:34,   297.970
9:15:37,   286.290
9:15:40,   297.970
9:15:43,   297.970
9:15:47,   296.510
9:15:50,   295.050
9:15:53,   287.750
9:15:56,   281.900
9:15:59,   295.050
9:16:02,   297.970
9:16:05,   297.970
9:16:08,   309.660
9:16:11,   300.890
9:16:14,   296.510
9:16:17,   296.510
9:16:20,   280.440
9:16:23,   297.970
9:16:26,   297.970
9:16:29,   303.810
9:16:33,   296.510
9:16:36,   297.970
9:16:39,   315.500
9:16:42,   300.890
9:16:45,   280.440
9:16:48,   309.660
9:16:51,   303.810
9:16:54,   303.810
9:16:57,   315.500
9:17:00,   303.810
9:17:03,   295.050
9:17:06,   305.270
9:17:09,   296.510
9:17:12,   303.810
9:17:16,   303.810
9:17:19,   305.270
9:17:22,   303.810
9:17:25,   306.730
9:17:28,   303.810
9:17:31,   303.810
9:17:34,   321.340
9:17:37,   303.810
9:17:40,   303.810
9:17:43,   306.730
9:17:46,   296.510
9:17:49,   303.810
9:17:52,   303.810
9:17:55,   297.970
9:17:59,   309.660
9:18:02,   306.730
9:18:05,   309.660
9:18:08,   309.660
9:18:11,   311.120
9:18:14,   309.660
9:18:17,   309.660
9:18:20,   292.130
9:18:23,   305.270
9:18:26,   309.660
9:18:29,   306.730
9:18:32,   306.730
9:18:35,   309.660
9:18:38,   308.200
9:18:42,   306.730
9:18:45,   303.810
9:18:48,   311.120
9:18:51,   308.200
9:18:54,   311.120
9:18:57,   309.660
9:19:00,   309.660
9:19:03,   292.130
9:19:06,   311.120
9:19:09,   312.580
9:19:12,   309.660
9:19:15,   305.270
9:19:19,   311.120
9:19:22,   331.570
9:19:25,   309.660
9:19:28,   311.120
9:19:31,   303.810
9:19:34,   315.500
9:19:37,   311.120
9:19:40,   312.580
9:19:43,   315.500
9:19:46,   315.500
9:19:49,   315.500
9:19:52,   315.500
9:19:55,   311.120
9:19:58,   303.810
9:20:02,   315.500
9:20:05,   315.500
9:20:08,   312.580
9:20:11,   316.960
9:20:14,   315.500
9:20:17,   297.970
9:20:20,   315.500
9:20:23,   316.960
9:20:26,   315.500
9:20:29,   316.960
9:20:32,   311.120
9:20:35,   303.810
9:20:38,   338.870
9:20:42,   314.040
9:20:45,   295.050
9:20:48,   318.420
9:20:51,   315.500
9:20:54,   327.180
9:20:57,   318.420
9:21:00,   316.960
9:21:03,   318.420
9:21:06,   319.880
9:21:09,   318.420
9:21:12,   318.420
9:21:15,   319.880
9:21:18,   316.960
9:21:21,   321.340
9:21:25,   319.880
9:21:28,   316.960
9:21:31,   318.420
9:21:34,   315.500
9:21:37,   318.420
9:21:40,   321.340
9:21:43,   330.100
9:21:46,   321.340
9:21:49,   322.800
9:21:52,   315.500
9:21:55,   318.420
9:21:58,   322.800
9:22:01,   318.420
9:22:04,   327.180
9:22:08,   327.180
9:22:11,   321.340
9:22:14,   321.340
9:22:17,   321.340
9:22:20,   315.500
9:22:23,   327.180
9:22:26,   322.800
9:22:29,   309.660
9:22:32,   333.030
9:22:35,   322.800
9:22:38,   327.180
9:22:41,   327.180
9:22:44,   327.180
9:22:47,   327.180
9:22:51,   327.180
9:22:54,   321.340
9:22:57,   327.180
9:23:00,   327.180
9:23:03,   327.180
9:23:06,   322.800
9:23:09,   327.180
9:23:12,   311.120
9:23:15,   330.100
9:23:18,   327.180
9:23:21,   327.180
9:23:24,   335.950
9:23:27,   327.180
9:23:30,   333.030
9:23:33,   327.180
9:23:37,   350.550
9:23:40,   327.180
9:23:43,   330.100
9:23:46,   347.630
9:23:49,   341.790
9:23:52,   328.640
9:23:55,   333.030
9:23:58,   327.180
9:24:01,   330.100
9:24:04,   327.180
9:24:07,   330.100
9:24:10,   333.030
9:24:13,   333.030
9:24:16,   330.100
9:24:20,   333.030
9:24:23,   333.030
9:24:26,   331.570
9:24:29,   318.420
9:24:32,   334.490
9:24:35,   334.490
9:24:38,   331.570
9:24:41,   334.490
9:24:44,   330.100
9:24:47,   335.950
9:24:50,   334.490
9:24:53,   330.100
9:24:56,   331.570
9:25:00,   335.950
9:25:03,   315.500
9:25:06,   335.950
9:25:09,   327.180
9:25:12,   359.320
9:25:15,   338.870
9:25:18,   334.490
9:25:21,   338.870
9:25:24,   340.330
9:25:27,   338.870
9:25:30,   330.100
9:25:33,   334.490
9:25:36,   335.950
9:25:39,   338.870
9:25:43,   333.030
9:25:46,   359.320
9:25:49,   338.870
9:25:52,   340.330
9:25:55,   341.790
9:25:58,   337.410
9:26:01,   340.330
9:26:04,   341.790
9:26:07,   333.030
9:26:10,   319.880
9:26:13,   338.870
9:26:16,   337.410
9:26:19,   353.470
9:26:22,   335.950
9:26:26,   340.330
9:26:29,   338.870
9:26:32,   322.800
9:26:35,   338.870
9:26:38,   338.870
9:26:41,   350.550
9:26:44,   327.180
9:26:47,   321.340
9:26:50,   338.870
9:26:53,   330.100
9:26:56,   344.710
9:26:59,   344.710
9:27:02,   341.790
9:27:05,   344.710
9:27:09,   341.790
9:27:12,   341.790
9:27:15,   344.710
9:27:18,   344.710
9:27:21,   341.790
9:27:24,   344.710
9:27:27,   346.170
9:27:30,   343.250
9:27:33,   343.250
9:27:36,   330.100
9:27:39,   352.010
9:27:42,   346.170
9:27:45,   346.170
9:27:48,   344.710
9:27:52,   347.630
9:27:55,   344.710
9:27:58,   352.010
9:28:01,   328.640
9:28:04,   344.710
9:28:07,   346.170
9:28:10,   346.170
9:28:13,   346.170
9:28:16,   352.010
9:28:19,   343.250
9:28:22,   344.710
9:28:25,   340.330
9:28:28,   347.630
9:28:31,   343.250
9:28:35,   368.080
9:28:38,   334.490
9:28:41,   350.550
9:28:44,   346.170
9:28:47,   350.550
9:28:50,   347.630
9:28:53,   330.100
9:28:56,   344.710
9:28:59,   350.550
9:29:02,   356.400
9:29:05,   350.550
9:29:08,   340.330
9:29:11,   346.170
9:29:14,   350.550
9:29:18,   328.640
9:29:21,   350.550
9:29:24,   350.550
9:29:27,   371.000
9:29:30,   350.550
9:29:33,   353.470
9:29:36,   350.550
9:29:39,   363.700
9:29:42,   350.550
9:29:45,   350.550
9:29:48,   350.550
9:29:51,   352.010
9:29:54,   352.010
9:29:57,   362.240
9:30:01,   350.550
9:30:04,   353.470
9:30:07,   350.550
9:30:10,   354.940
9:30:13,   353.470
9:30:16,   350.550
9:30:19,   350.550
9:30:22,   353.470
9:30:25,   353.470
9:30:28,   352.010
9:30:31,   357.860
9:30:35,   350.550
9:30:38,   356.400
9:30:41,   353.470
9:30:44,   362.240
9:30:47,   350.550
9:30:50,   354.940
9:30:53,   354.940
9:30:56,   353.470
9:30:59,   354.940
9:31:02,   352.010
9:31:05,   353.470
9:31:08,   359.320
9:31:11,   356.400
9:31:14,   356.400
9:31:18,   357.860
9:31:21,   353.470
9:31:24,   371.000
9:31:27,   356.400
9:31:30,   362.240
9:31:33,   354.940
9:31:36,   356.400
9:31:39,   357.860
9:31:42,   354.940
9:31:45,   359.320
9:31:48,   356.400
9:31:51,   340.330
9:31:54,   356.400
9:31:57,   362.240
9:32:00,   356.400
9:32:04,   350.550
9:32:07,   357.860
9:32:10,   362.240
9:32:13,   362.240
9:32:16,   343.250
9:32:19,   362.240
9:32:22,   350.550
9:32:25,   357.860
9:32:28,   359.320
9:32:31,   379.770
9:32:34,   382.690
9:32:37,   338.870
9:32:40,   362.240
9:32:44,   356.400
9:32:47,   362.240
9:32:50,   362.240
9:32:53,   347.630
9:32:56,   362.240
9:32:59,   354.940
9:33:02,   356.400
9:33:05,   362.240
9:33:08,   363.700
9:33:11,   362.240
9:33:14,   363.700
9:33:17,   353.470
9:33:20,   365.160
9:33:23,   360.780
9:33:26,   363.700
9:33:30,   362.240
9:33:33,   362.240
9:33:36,   368.080
9:33:39,   365.160
9:33:42,   365.160
9:33:45,   368.080
9:33:48,   365.160
9:33:51,   365.160
9:33:54,   368.080
9:33:57,   387.070
9:34:00,   366.620
9:34:03,   356.400
9:34:06,   368.080
9:34:09,   363.700
9:34:13,   359.320
9:34:16,   369.540
9:34:19,   369.540
9:34:22,   368.080
9:34:25,   368.080
9:34:28,   368.080
9:34:31,   365.160
9:34:34,   366.620
9:34:37,   366.620
9:34:40,   368.080
9:34:43,   371.000
9:34:46,   371.000
9:34:49,   369.540
9:34:52,   365.160
9:34:56,   371.000
9:34:59,   356.400
9:35:02,   369.540
9:35:05,   376.850
9:35:08,   373.920
9:35:11,   369.540
9:35:14,   369.540
9:35:17,   372.460
9:35:20,   363.700
9:35:23,   371.000
9:35:26,   382.690
9:35:29,   356.400
9:35:32,   371.000
9:35:36,   359.320
9:35:39,   371.000
9:35:42,   373.920
9:35:45,   369.540
9:35:48,   373.920
9:35:51,   373.920
9:35:54,   373.920
9:35:57,   373.920
9:36:00,   373.920
9:36:03,   373.920
9:36:06,   375.380
9:36:09,   373.920
9:36:12,   388.530
9:36:16,   371.000
9:36:19,   356.400
9:36:22,   376.850
9:36:25,   379.770
9:36:28,   373.920
9:36:31,   356.400
9:36:34,   378.310
9:36:37,   373.920
9:36:40,   378.310
9:36:43,   378.310
9:36:46,   375.380
9:36:49,   371.000
9:36:52,   373.920
9:36:55,   378.310
9:36:59,   387.070
9:37:02,   376.850
9:37:05,   376.850
9:37:08,   376.850
9:37:11,   376.850
9:37:14,   382.690
9:37:17,   379.770
9:37:20,   379.770
9:37:23,   379.770
9:37:26,   378.310
9:37:29,   381.230
9:37:32,   379.770
9:37:35,   385.610
9:37:38,   373.920
9:37:41,   371.000
9:37:45,   376.850
9:37:48,   385.610
9:37:51,   378.310
9:37:54,   379.770
9:37:57,   385.610
9:38:00,   385.610
9:38:03,   394.370
9:38:06,   378.310
9:38:09,   381.230
9:38:12,   389.990
9:38:15,   375.380
9:38:18,   382.690
9:38:21,   382.690
9:38:24,   385.610
9:38:28,   381.230
9:38:31,   388.530
9:38:34,   394.370
9:38:37,   366.620
9:38:40,   385.610
9:38:43,   382.690
9:38:46,   382.690
9:38:49,   391.450
9:38:52,   369.540
9:38:55,   387.070
9:38:58,   385.610
9:39:01,   385.610
9:39:04,   388.530
9:39:07,   385.610
9:39:11,   385.610
9:39:14,   385.610
9:39:17,   404.600
9:39:20,   388.530
9:39:23,   385.610
9:39:26,   385.610
9:39:29,   387.070
9:39:32,   385.610
9:39:35,   388.530
9:39:38,   388.530
9:39:41,   389.990
9:39:44,   391.450
9:39:47,   387.070
9:39:50,   389.990
9:39:54,   387.070
9:39:57,   388.530
9:40:00,   388.530
9:40:03,   388.530
9:40:06,   387.070
9:40:09,   389.990
9:40:12,   388.530
9:40:15,   376.850
9:40:18,   387.070
9:40:21,   387.070
9:40:24,   392.910
9:40:27,   391.450
9:40:30,   391.450
9:40:33,   392.910
9:40:37,   376.850
9:40:40,   392.910
9:40:43,   408.980
9:40:46,   385.610
9:40:49,   408.980
9:40:52,   391.450
9:40:55,   391.450
9:40:58,   392.910
9:41:01,   379.770
9:41:04,   371.000
9:41:07,   388.530
9:41:11,   392.910
9:41:14,   394.370
9:41:17,   408.980
9:41:20,   373.920
9:41:23,   392.910
9:41:26,   392.910
9:41:29,   392.910
9:41:32,   397.290
9:41:35,   392.910
9:41:38,   397.290
9:41:41,   411.900
9:41:44,   406.060
9:41:47,   397.290
9:41:50,   397.290
9:41:54,   392.910
9:41:57,   400.220
9:42:00,   387.070
9:42:03,   385.610
9:42:06,   397.290
9:42:09,   397.290
9:42:12,   397.290
9:42:15,   397.290
9:42:18,   397.290
9:42:21,   397.290
9:42:24,   416.280
9:42:27,   413.360
9:42:30,   414.820
9:42:33,   398.750
9:42:37,   391.450
9:42:40,   379.770
9:42:43,   392.910
9:42:46,   398.750
9:42:49,   398.750
9:42:52,   397.290
9:42:55,   403.140
9:42:58,   397.290
9:43:01,   410.440
9:43:04,   406.060
9:43:07,   394.370
9:43:10,   400.220
9:43:13,   398.750
9:43:16,   398.750
9:43:19,   400.220
9:43:23,   394.370
9:43:26,   403.140
9:43:29,   398.750
9:43:32,   397.290
9:43:35,   403.140
9:43:38,   398.750
9:43:41,   404.600
9:43:44,   420.660
9:43:47,   400.220
9:43:50,   403.140
9:43:53,   398.750
9:43:56,   406.060
9:43:59,   400.220
9:44:02,   403.140
9:44:06,   403.140
9:44:09,   403.140
9:44:12,   404.600
9:44:15,   403.140
9:44:18,   404.600
9:44:21,   400.220
9:44:24,   403.140
9:44:27,   406.060
9:44:30,   403.140
9:44:33,   398.750
9:44:36,   406.060
9:44:39,   410.440
9:44:42,   403.140
9:44:45,   403.140
9:44:49,   410.440
9:44:52,   404.600
9:44:55,   404.600
9:44:58,   408.980
9:45:01,   406.060
9:45:04,   404.600
9:45:07,   408.980
9:45:10,   404.600
9:45:13,   408.980
9:45:16,   404.600
9:45:19,   408.980
9:45:22,   406.060
9:45:25,   408.980
9:45:29,   392.910
9:45:32,   408.980
9:45:35,   408.980
9:45:38,   410.440
9:45:41,   410.440
9:45:44,   410.440
9:45:47,   401.680
9:45:50,   404.600
9:45:53,   411.900
9:45:56,   413.360
9:45:59,   394.370
9:46:02,   408.980
9:46:05,   414.820
9:46:08,   410.440
9:46:11,   410.440
9:46:15,   411.900
9:46:18,   411.900
9:46:21,   422.120
9:46:24,   410.440
9:46:27,   392.910
9:46:30,   411.900
9:46:33,   411.900
